year,country_slug,source_pdf,words,testament,unwavering,steadfast,resonate,navigate,foster,harness,beacon,embark,landscape,transformative,crossroads,profound,robust,seamless,bolster,delve,intricate,underscore,showcase,nuanced,multifaceted,tapestry,realm,meticulous,delineate,paramount,myriad,pivotal,sovereignty,cooperation,development,security,peace,dialogue,support,people
2015,afghanistan,https://gadebate.un.org/sites/default/files/gastatements/70/70_af_en_2_24.pdf,1785,0,0,1,0,0,0,0,0,0,0,0,0,0,0,0,0,0,0,0,0,0,0,0,0,0,0,0,0,0,0,3,1,8,2,1,9,4
2015,albania,https://gadebate.un.org/sites/default/files/gastatements/70/70_al_en_24.pdf,1011,0,0,0,0,0,0,0,0,0,0,0,0,0,0,0,0,0,0,0,0,0,0,0,0,0,0,0,0,0,0,1,3,0,2,0,0,8
2015,angola,https://gadebate.un.org/sites/default/files/gastatements/70/70_ao_en_2_24.pdf,1689,0,0,0,0,0,0,0,0,0,0,0,0,0,0,0,0,0,0,0,0,0,0,0,0,0,0,1,0,0,1,1,9,15,9,2,6,9
2015,armenia,https://gadebate.un.org/sites/default/files/gastatements/70/70_am_en_3_24.pdf,1459,0,0,0,0,0,0,0,0,0,0,0,0,0,0,0,1,0,0,0,0,0,0,0,0,0,0,0,0,0,0,1,0,2,2,0,0,3
2015,australia,https://gadebate.un.org/sites/default/files/gastatements/70/70_au_en_25.pdf,1855,1,0,0,0,0,0,0,0,0,0,0,0,0,0,0,0,0,0,0,0,0,0,0,0,0,0,0,0,0,0,3,11,8,2,0,9,5
2015,austria,https://gadebate.un.org/sites/default/files/gastatements/70/70_at_en_24.pdf,1373,0,0,0,0,0,0,0,0,0,0,0,0,0,0,0,0,0,0,0,0,0,0,0,0,0,0,0,0,0,0,1,1,9,4,2,6,5
2015,azerbaijan,https://gadebate.un.org/sites/default/files/gastatements/70/70_az_en_2_24.pdf,1621,0,0,0,0,0,0,0,0,0,0,0,0,0,0,0,0,0,0,0,0,0,0,0,0,0,0,0,0,0,5,2,6,3,3,0,1,2
2015,barbados,https://gadebate.un.org/sites/default/files/gastatements/70/70_bb_en_2_24.pdf,2226,0,2,0,1,0,0,0,0,1,0,0,0,0,0,0,0,0,0,1,0,0,0,0,0,0,0,0,1,0,1,1,13,7,8,0,3,3
2015,belize,https://gadebate.un.org/sites/default/files/gastatements/70/70_bz_en_24.pdf,2019,1,0,0,0,0,1,0,0,0,0,0,0,0,1,0,0,0,0,0,0,0,0,0,0,0,0,0,0,0,0,1,5,9,7,0,5,7
2015,bosnia-and-herzegovina,https://gadebate.un.org/sites/default/files/gastatements/70/70_ba_en_24.pdf,2009,0,0,0,0,0,0,0,0,0,0,0,0,0,0,0,0,0,0,0,0,0,0,0,0,0,0,0,0,0,0,2,3,3,7,1,3,2
2015,botswana,https://gadebate.un.org/sites/default/files/gastatements/70/70_bw_en_2_24.pdf,2941,0,1,1,0,0,0,0,0,1,0,1,0,2,0,0,0,0,0,0,0,0,0,0,0,0,0,0,1,0,0,4,25,14,6,2,8,6
2015,brazil,https://gadebate.un.org/sites/default/files/gastatements/70/brazil_70_en_25.pdf,2219,1,0,0,0,0,1,0,0,0,0,0,0,2,0,0,0,0,0,0,0,0,0,0,0,0,0,1,0,0,0,2,11,2,8,0,2,9
2015,brunei-darussalam,https://gadebate.un.org/sites/default/files/gastatements/70/70_bn_en_25.pdf,1421,1,1,0,0,0,1,0,0,0,0,0,0,1,0,0,0,0,0,0,0,0,0,0,0,0,0,0,0,0,1,2,4,5,8,1,2,5
2015,bulgaria,https://gadebate.un.org/sites/default/files/gastatements/70/70_bg_en_25.pdf,1796,0,0,0,0,0,0,0,0,1,0,1,0,0,0,0,0,0,0,0,0,0,0,0,0,0,0,0,0,0,1,3,4,5,14,1,3,6
2015,cabo-verde,https://gadebate.un.org/sites/default/files/gastatements/70/70_cv_en_2_24.pdf,1388,0,0,0,0,0,0,0,0,0,0,0,0,0,0,0,0,0,0,0,0,0,0,0,0,0,0,0,0,0,0,2,13,7,5,0,1,2
2015,canada,https://gadebate.un.org/sites/default/files/gastatements/70/70_ca_en_24.pdf,2325,0,0,1,0,0,1,0,0,0,0,0,0,0,0,0,0,0,0,0,0,0,0,0,1,0,0,0,1,0,0,0,9,2,3,0,10,3
2015,croatia,https://gadebate.un.org/sites/default/files/gastatements/70/70_hr_en_25.pdf,3215,0,0,0,0,0,1,0,0,0,0,0,0,0,0,0,0,0,0,1,0,0,0,0,0,1,0,0,0,0,1,2,8,17,14,2,4,7
2015,cyprus,https://gadebate.un.org/sites/default/files/gastatements/70/70_cy_en_2_24.pdf,2001,0,0,0,0,0,1,0,0,0,0,0,1,0,0,0,0,0,0,0,0,0,0,0,0,0,0,0,0,0,2,3,4,5,7,1,4,8
2015,denmark,https://gadebate.un.org/sites/default/files/gastatements/70/70_dk_en_25.pdf,1431,0,0,0,0,0,0,0,0,0,0,0,0,0,0,0,0,0,0,0,0,0,0,0,0,0,0,0,0,0,1,3,11,5,5,3,7,8
2015,eritrea,https://gadebate.un.org/sites/default/files/gastatements/70/70_er_en_2_24.pdf,838,0,0,0,0,0,0,0,0,0,0,0,0,0,0,0,0,0,0,0,0,0,0,0,0,0,0,0,0,0,1,1,9,3,5,0,0,2
2015,estonia,https://gadebate.un.org/sites/default/files/gastatements/70/70_ee_en_25.pdf,1814,0,0,0,0,0,0,0,0,0,0,0,0,1,0,0,0,0,0,0,0,0,0,0,0,0,0,0,0,0,0,2,10,11,3,1,6,8
2015,eswatini,https://gadebate.un.org/sites/default/files/gastatements/70/70_sz_en_25.pdf,2022,0,0,0,0,0,1,1,0,0,0,0,0,0,0,0,0,0,0,0,0,0,0,0,0,0,0,0,0,0,0,1,9,2,6,2,5,8
2015,ethiopia,https://gadebate.un.org/sites/default/files/gastatements/70/70_et_en_25.pdf,1522,0,1,0,0,0,1,0,0,2,0,4,0,1,0,0,0,0,0,0,0,0,1,0,0,0,0,0,1,0,0,2,8,4,3,0,3,3
2015,european-union,https://gadebate.un.org/sites/default/files/gastatements/70/70_eu_en_25.pdf,991,0,0,0,0,0,0,0,0,0,0,0,0,0,0,0,0,0,0,0,0,0,0,0,0,0,0,0,0,0,0,0,0,0,3,0,2,4
2015,fiji,https://gadebate.un.org/sites/default/files/gastatements/70/70_fj_en_24.pdf,2344,0,0,0,0,0,0,0,0,0,0,0,0,0,1,0,0,0,0,0,0,0,0,0,0,0,0,0,0,0,0,1,4,0,4,0,4,9
2015,finland,https://gadebate.un.org/sites/default/files/gastatements/70/70_fi_en_25.pdf,1103,0,0,0,0,0,0,0,0,0,0,0,0,1,0,0,0,0,0,0,0,0,0,0,0,0,0,0,0,0,0,0,1,3,6,0,1,0
2015,georgia,https://gadebate.un.org/sites/default/files/gastatements/70/70_ge_en_2_24.pdf,2071,0,0,1,0,0,0,0,0,0,0,0,1,1,0,0,0,0,0,2,0,0,0,0,0,0,0,0,0,0,1,6,7,9,9,0,5,11
2015,ghana,https://gadebate.un.org/sites/default/files/gastatements/70/70_gh_en_25.pdf,2610,0,0,0,0,1,0,0,0,0,0,0,0,0,0,0,0,0,0,0,0,0,0,0,0,0,0,0,0,0,0,1,3,0,6,0,1,3
2015,greece,https://gadebate.un.org/sites/default/files/gastatements/70/70_gr_en_24.pdf,1682,0,0,0,0,0,3,0,0,1,0,0,0,0,1,0,1,0,0,0,0,0,0,0,0,0,0,0,0,0,1,3,3,4,2,2,7,9
2015,grenada,https://gadebate.un.org/sites/default/files/gastatements/70/70_gd_en_24.pdf,1561,0,0,0,0,0,0,0,0,1,0,1,0,0,0,0,0,0,0,0,0,0,0,0,0,0,0,0,0,0,0,1,6,13,8,2,6,5
2015,guinea-bissau,https://gadebate.un.org/sites/default/files/gastatements/70/70_gw_en_24.pdf,1384,0,0,0,0,0,0,0,0,0,0,0,0,0,1,0,0,0,0,0,0,0,0,0,0,0,0,0,0,0,1,0,12,4,3,0,2,3
2015,guyana,https://gadebate.un.org/sites/default/files/gastatements/70/70_gy_en_25.pdf,1544,0,0,0,0,0,0,0,0,0,0,0,0,0,0,0,0,0,0,0,0,0,0,0,0,0,0,0,0,0,0,1,2,9,8,0,1,2
2015,holy-see,https://gadebate.un.org/sites/default/files/gastatements/70/70_va_en_24.pdf,2822,0,0,0,0,0,0,0,0,0,0,0,0,0,0,0,0,0,0,0,0,0,0,0,0,0,0,0,0,0,0,4,7,8,11,0,0,10
2015,india,https://gadebate.un.org/sites/default/files/gastatements/70/70_in_en_2_24.pdf,2877,0,0,0,0,0,0,0,0,0,0,2,0,0,0,0,0,0,0,1,0,0,0,0,0,0,0,0,0,0,0,0,4,11,7,2,6,4
2015,indonesia,https://gadebate.un.org/sites/default/files/gastatements/70/70_id_en_24.pdf,1174,0,0,0,0,0,0,0,0,0,0,0,0,0,0,0,0,0,0,0,0,0,0,0,0,0,0,0,0,0,0,3,4,4,6,2,3,6
2015,iran-islamic-republic,https://gadebate.un.org/sites/default/files/gastatements/70/70_iran_en_25.pdf,2235,0,0,0,0,0,1,0,0,0,0,0,0,0,0,0,0,0,0,0,1,0,0,0,1,0,0,0,0,0,0,6,10,11,15,4,4,6
2015,ireland,https://gadebate.un.org/sites/default/files/gastatements/70/70_ie_en_24.pdf,2525,0,0,1,0,0,0,0,0,0,0,0,0,1,0,0,0,0,0,1,0,0,0,0,0,0,0,0,0,0,0,1,7,16,13,0,10,15
2015,israel,https://gadebate.un.org/sites/default/files/gastatements/70/il_en_24.pdf,3682,1,0,0,0,1,0,0,1,0,0,0,0,0,0,0,1,0,0,0,0,0,0,0,0,0,0,0,0,0,0,0,0,6,21,0,3,20
2015,jamaica,https://gadebate.un.org/sites/default/files/gastatements/70/70_jm_en_24.pdf,2530,0,1,0,0,0,0,0,0,0,1,0,0,1,1,0,0,0,0,1,0,0,0,0,0,0,0,0,0,0,0,1,12,11,13,2,6,11
2015,japan,https://gadebate.un.org/sites/default/files/gastatements/70/70_jp_en_25.pdf,2460,0,0,0,0,0,4,0,0,0,0,0,0,0,0,0,0,0,0,0,0,0,0,0,0,0,0,0,0,0,0,5,4,11,8,0,3,8
2015,kazakhstan,https://gadebate.un.org/sites/default/files/gastatements/70/70_republic_of_kazakhstan_en_25.pdf,1576,0,0,0,0,0,0,0,0,0,0,0,0,1,0,0,0,0,0,0,0,0,0,0,0,0,0,0,0,0,1,0,10,5,1,2,4,1
2015,kenya,https://gadebate.un.org/sites/default/files/gastatements/70/70_ke_en_25.pdf,2860,0,0,0,0,0,1,0,0,0,0,3,0,0,1,0,0,0,0,1,0,0,0,0,0,0,0,0,0,0,0,2,48,16,16,0,11,5
2015,kiribati,https://gadebate.un.org/sites/default/files/gastatements/70/70_ki_en_24.pdf,2285,0,2,0,0,0,0,0,0,1,0,0,0,0,0,0,0,0,0,0,0,0,0,0,0,0,0,0,1,0,0,1,23,4,4,2,2,15
2015,lao-peoples-democratic-republic,https://gadebate.un.org/sites/default/files/gastatements/70/70_la_en_2_24.pdf,1690,0,1,0,0,0,0,0,0,0,0,0,0,0,0,0,0,0,0,0,0,0,0,0,0,0,0,0,0,0,0,11,25,4,10,2,8,5
2015,latvia,https://gadebate.un.org/sites/default/files/gastatements/70/70_lv_en_25.pdf,1474,0,0,0,0,0,1,0,0,0,0,0,0,0,0,0,0,0,0,0,0,0,0,0,0,0,0,0,0,0,0,2,8,7,3,0,10,2
2015,lesotho,https://gadebate.un.org/sites/default/files/gastatements/70/70_ls_en_24.pdf,2478,0,0,1,1,0,0,0,0,0,0,0,0,0,0,0,0,0,0,0,0,0,0,0,0,0,0,0,0,0,0,0,11,7,7,1,3,9
2015,liberia,https://gadebate.un.org/sites/default/files/gastatements/70/70_lr_en_25.pdf,1003,0,0,0,0,0,0,0,0,0,0,0,0,0,0,0,0,0,0,0,0,0,0,0,0,0,0,1,0,0,0,3,6,2,7,0,6,4
2015,liechtenstein,https://gadebate.un.org/sites/default/files/gastatements/70/70_li_en_2_24.pdf,1520,0,0,0,0,1,0,0,0,0,0,0,0,0,0,0,0,0,0,0,0,0,0,0,0,0,0,0,0,0,0,0,2,9,2,0,3,8
2015,lithuania,https://gadebate.un.org/sites/default/files/gastatements/70/70_lt_en_24.pdf,767,0,0,0,0,0,0,0,0,0,0,0,0,0,0,0,0,0,0,0,0,0,0,0,0,0,0,0,0,0,1,1,0,5,1,0,0,4
2015,malawi,https://gadebate.un.org/sites/default/files/gastatements/70/70_mw_en_25.pdf,1573,0,0,0,0,0,0,0,0,1,0,0,0,0,0,0,0,0,0,0,0,0,0,0,0,0,0,0,0,0,0,1,16,7,11,0,3,8
2015,malaysia,https://gadebate.un.org/sites/default/files/gastatements/70/70_my_en_24.pdf,2222,0,0,0,1,0,0,0,0,0,0,0,0,0,0,0,0,0,0,0,0,0,0,0,0,0,0,0,0,0,0,0,1,7,5,0,1,12
2015,maldives,https://gadebate.un.org/sites/default/files/gastatements/70/70_mv_en_24.pdf,1574,0,1,0,0,0,0,0,0,1,0,0,0,0,0,0,0,0,0,0,0,0,0,0,0,0,0,0,0,0,0,0,3,6,3,0,0,5
2015,mali,https://gadebate.un.org/sites/default/files/gastatements/70/70_ml_en_25.pdf,3135,0,0,0,0,0,0,0,0,0,0,0,0,0,0,0,0,0,0,0,0,0,0,0,0,0,0,0,0,0,0,0,0,0,0,3,1,0
2015,malta,https://gadebate.un.org/sites/default/files/gastatements/70/70_mt_en_25.pdf,2358,0,0,0,0,0,0,0,0,0,0,1,1,1,0,0,0,0,0,0,0,0,0,0,0,0,0,0,0,1,0,2,10,3,4,3,2,17
2015,marshall-islands,https://gadebate.un.org/sites/default/files/gastatements/70/70_mh_en_24.pdf,1689,0,0,0,0,0,0,0,0,0,2,1,0,0,0,0,0,0,0,0,0,0,0,0,0,0,0,0,0,0,0,0,9,10,2,0,4,1
2015,mauritius,https://gadebate.un.org/sites/default/files/gastatements/70/70_mu_en_2_24.pdf,2677,0,0,0,0,0,0,0,0,0,0,0,0,0,1,0,0,0,0,1,0,0,0,0,0,0,0,0,0,0,6,0,13,8,10,1,7,2
2015,micronesia-federated-states,https://gadebate.un.org/sites/default/files/gastatements/70/70_fm_en_2_24.pdf,1681,0,0,0,0,0,0,0,0,0,0,0,0,0,0,0,0,0,0,0,0,0,0,0,0,0,0,0,0,0,0,2,0,1,8,1,4,7
2015,mongolia,https://gadebate.un.org/sites/default/files/gastatements/70/70_mn_en_25.pdf,2797,0,0,0,1,0,1,0,0,1,0,0,0,1,1,0,0,0,0,0,0,0,0,0,0,0,0,0,0,0,0,3,12,6,12,4,4,2
2015,montenegro,https://gadebate.un.org/sites/default/files/gastatements/70/70_me_en_2_24.pdf,1417,0,0,0,0,0,0,0,0,0,0,0,0,0,0,0,0,0,0,0,0,0,0,0,0,0,0,0,0,0,0,5,14,6,8,3,7,2
2015,mozambique,https://gadebate.un.org/sites/default/files/gastatements/70/70_mz_en_25.pdf,2209,0,0,0,0,0,0,0,0,0,0,1,0,1,0,0,0,0,0,0,0,0,0,0,0,0,0,1,0,0,1,2,26,7,7,2,2,6
2015,myanmar,https://gadebate.un.org/sites/default/files/gastatements/70/70_mm_en_24.pdf,2102,0,0,0,0,0,1,0,0,0,0,0,0,0,0,0,0,0,0,0,0,0,0,0,0,0,0,1,0,0,0,1,12,5,14,4,5,11
2015,nauru,https://gadebate.un.org/sites/default/files/gastatements/70/70_nr_en_2_24.pdf,1605,0,0,0,0,0,0,0,0,0,0,0,0,0,2,0,0,0,0,0,0,0,0,0,0,0,0,0,0,0,0,0,13,5,0,0,2,1
2015,nepal,https://gadebate.un.org/sites/default/files/gastatements/70/70_np_en_24.pdf,2080,0,0,1,0,0,0,0,0,0,0,1,0,1,0,0,0,0,1,0,0,0,1,0,0,0,0,0,0,0,1,1,12,12,19,0,8,13
2015,netherlands,https://gadebate.un.org/sites/default/files/gastatements/70/70_nl_en_25.pdf,1825,0,0,0,0,0,0,0,0,0,0,0,0,0,0,0,0,0,0,0,0,0,0,0,0,0,0,0,0,0,0,1,9,9,11,3,2,5
2015,new-zealand,https://gadebate.un.org/sites/default/files/gastatements/70/70_nz_en_24.pdf,1801,0,0,0,0,0,0,0,0,0,0,0,0,0,0,0,0,0,0,0,0,0,0,0,0,0,0,0,0,0,0,1,3,11,6,0,4,4
2015,nigeria,https://gadebate.un.org/sites/default/files/gastatements/70/70_ng_en_25.pdf,1720,0,1,0,0,0,0,0,0,0,0,0,0,0,2,0,0,0,0,0,0,0,0,0,0,0,0,0,0,0,0,1,8,3,4,0,3,9
2015,norway,https://gadebate.un.org/sites/default/files/gastatements/70/70_no_en_25.pdf,1440,0,0,0,0,0,0,0,0,0,1,0,0,0,0,0,0,0,0,0,0,0,0,0,0,0,0,0,0,0,0,2,4,8,4,0,4,2
2015,pakistan,https://gadebate.un.org/sites/default/files/gastatements/70/70_pk_en_25.pdf,1760,0,0,0,0,0,0,0,1,0,0,0,0,0,1,0,0,0,0,0,0,0,0,0,0,0,0,0,0,0,0,6,5,13,13,5,3,6
2015,palau,https://gadebate.un.org/sites/default/files/gastatements/70/70_pw_en_24.pdf,1784,0,0,0,0,0,0,0,0,1,0,1,0,0,0,0,0,0,0,0,0,0,0,0,0,0,0,0,0,0,0,2,20,5,1,0,10,3
2015,papua-new-guinea,https://gadebate.un.org/sites/default/files/gastatements/70/70_pg_en_24.pdf,1608,0,0,1,0,0,0,0,0,0,0,1,0,0,0,0,0,0,0,0,0,0,0,0,0,0,0,0,0,0,0,2,19,12,4,0,9,5
2015,peru,https://gadebate.un.org/sites/default/files/gastatements/70/70_pe_en_24.pdf,1388,0,0,0,0,0,0,0,0,0,0,0,0,0,0,0,0,0,0,0,0,0,0,0,0,0,0,0,0,0,0,0,0,0,0,0,0,0
2015,philippines,https://gadebate.un.org/sites/default/files/gastatements/70/70_ph_en_24.pdf,2103,0,0,1,0,0,1,0,0,1,0,0,0,0,0,0,0,0,0,0,0,0,0,0,0,0,0,0,0,0,0,0,15,9,16,0,6,4
2015,poland,https://gadebate.un.org/sites/default/files/gastatements/70/70_pl_en_25.pdf,2148,0,0,0,0,0,1,0,0,0,0,0,0,0,0,0,0,0,0,0,0,0,0,0,0,0,0,0,0,0,0,2,2,6,17,0,3,4
2015,portugal,https://gadebate.un.org/sites/default/files/gastatements/70/70_portugal_en_25.pdf,1453,0,0,0,0,0,0,0,0,0,0,0,0,0,0,0,0,0,0,0,0,0,0,0,0,0,0,0,0,0,0,2,7,6,7,2,3,4
2015,republic-korea,https://gadebate.un.org/sites/default/files/gastatements/70/70_kr_en_24.pdf,2895,1,0,0,1,0,0,0,2,1,0,1,0,1,0,0,0,0,0,0,0,0,0,0,2,0,0,0,0,0,0,10,17,15,25,2,7,8
2015,republic-north-macedonia,https://gadebate.un.org/sites/default/files/gastatements/70/70_mk_en_24.pdf,2846,0,0,0,0,0,0,0,0,0,0,0,0,0,0,0,0,0,0,2,0,0,0,0,0,0,0,0,0,0,0,10,11,9,7,0,4,8
2015,romania,https://gadebate.un.org/sites/default/files/gastatements/70/70_ro_en_24.pdf,1894,0,0,0,0,0,0,0,0,0,0,0,0,0,0,0,0,0,0,0,0,0,0,0,0,0,0,0,0,0,0,4,5,8,6,1,5,2
2015,rwanda,https://gadebate.un.org/sites/default/files/gastatements/70/70_rw_en_24.pdf,554,0,0,0,0,0,0,0,0,0,0,0,0,0,0,0,0,0,0,0,0,0,0,0,0,0,0,0,0,0,0,3,1,0,0,0,0,4
2015,saint-kitts-and-nevis,https://gadebate.un.org/sites/default/files/gastatements/70/70_kn_en_2_24.pdf,1948,0,0,0,1,0,0,0,0,0,0,0,0,0,2,0,0,0,0,1,0,0,0,0,0,0,0,0,0,0,0,2,17,2,1,0,4,7
2015,saint-vincent-and-grenadines,https://gadebate.un.org/sites/default/files/gastatements/70/70_vc_en_25.pdf,2124,0,0,0,0,0,0,0,0,0,0,0,0,0,0,0,0,0,0,0,0,0,0,0,0,0,1,0,0,0,1,3,3,4,2,0,3,7
2015,samoa,https://gadebate.un.org/sites/default/files/gastatements/70/70_ws_en_24.pdf,2482,0,0,0,0,0,0,0,0,0,0,0,0,0,0,0,0,0,0,0,0,0,0,0,0,0,0,0,0,0,0,2,5,8,4,0,0,8
2015,san-marino,https://gadebate.un.org/sites/default/files/gastatements/70/70_sm_en_24.pdf,1037,0,0,0,0,0,0,0,1,0,0,0,0,0,0,0,0,0,0,0,0,0,0,0,0,0,0,0,0,0,0,2,4,2,3,0,0,5
2015,sao-tome-and-principe,https://gadebate.un.org/sites/default/files/gastatements/70/70_st_en_24.pdf,1955,0,1,0,0,0,0,0,0,0,0,0,0,0,0,0,0,0,0,0,0,0,0,0,0,0,0,0,0,0,0,2,10,2,4,0,2,5
2015,seychelles,https://gadebate.un.org/sites/default/files/gastatements/70/29_sc_en_25.pdf,1534,0,0,0,0,0,0,0,0,0,0,0,0,0,0,0,0,0,0,0,0,0,0,0,0,0,0,0,0,0,0,1,9,3,3,0,2,2
2015,sierra-leone,https://gadebate.un.org/sites/default/files/gastatements/70/70_sl_en_25.pdf,2460,0,0,0,0,0,0,0,0,0,0,0,0,1,0,0,0,0,0,0,0,0,0,0,0,0,0,0,0,0,0,0,16,9,10,0,12,6
2015,slovakia,https://gadebate.un.org/sites/default/files/gastatements/70/70_sk_en_24.pdf,1813,0,0,0,0,0,0,0,0,0,0,0,0,0,0,0,1,0,0,0,0,0,1,0,0,0,0,0,0,0,0,3,10,11,15,0,2,2
2015,slovenia,https://gadebate.un.org/sites/default/files/gastatements/70/70_si_en_2_24.pdf,1465,0,0,0,0,0,0,0,0,0,0,0,0,1,0,0,0,0,0,0,0,0,0,0,0,0,0,0,0,1,1,2,4,10,6,1,2,2
2015,somalia,https://gadebate.un.org/sites/default/files/gastatements/70/70_so_en_24.pdf,1780,0,0,0,0,1,0,0,0,0,1,0,0,0,0,0,0,0,0,0,0,0,0,0,0,0,0,0,0,0,0,0,4,6,3,0,4,11
2015,south-africa,https://gadebate.un.org/sites/default/files/gastatements/70/70_za_en_25.pdf,2029,0,0,0,0,0,0,0,0,0,0,0,0,0,0,0,0,0,0,0,0,0,0,0,0,0,0,1,0,0,0,0,7,12,6,0,7,8
2015,south-sudan,https://gadebate.un.org/sites/default/files/gastatements/70/70_ss_en_24.pdf,1172,0,0,0,0,0,0,0,0,1,0,0,0,0,0,0,0,0,0,0,0,0,0,0,0,0,0,1,0,1,0,1,2,4,9,0,2,7
2015,sri-lanka,https://gadebate.un.org/sites/default/files/gastatements/70/70_lk_en_25.pdf,1545,0,0,0,0,0,0,0,0,0,0,0,0,0,0,0,0,0,0,0,0,0,0,0,0,0,0,0,0,0,0,0,18,5,5,3,0,3
2015,thailand,https://gadebate.un.org/sites/default/files/gastatements/70/70_th_en_25.pdf,1997,0,1,0,0,0,1,0,1,0,0,1,0,0,0,0,0,0,0,0,0,0,0,0,1,0,0,0,0,1,0,4,26,9,8,0,3,11
2015,tonga,https://gadebate.un.org/sites/default/files/gastatements/70/70_tg_en_25.pdf,1641,0,0,0,0,0,0,0,0,0,0,0,0,0,0,0,0,0,0,0,0,0,0,0,0,0,0,0,0,0,1,0,17,4,1,2,10,5
2015,turkiye,https://gadebate.un.org/sites/default/files/gastatements/70/70_tr_en_25.pdf,2484,0,0,0,0,0,0,0,0,0,0,0,0,0,0,0,0,0,0,0,0,0,0,0,0,0,0,0,0,0,2,4,6,9,8,1,5,6
2015,tuvalu,https://gadebate.un.org/sites/default/files/gastatements/70/70_tv_en_24.pdf,2065,0,0,0,0,0,1,0,1,0,0,1,0,0,0,0,0,0,0,0,0,0,0,0,0,0,0,0,0,0,0,1,13,6,5,2,3,7
2015,uganda,https://gadebate.un.org/sites/default/files/gastatements/70/70_ug_en_1_24.pdf,963,0,0,0,0,0,0,0,0,0,0,0,0,0,0,0,0,0,0,0,0,0,0,0,0,0,0,0,0,0,0,0,3,3,3,0,2,2
2015,ukraine,https://gadebate.un.org/sites/default/files/gastatements/70/70_ua_en_25.pdf,3085,0,1,0,0,0,0,0,0,0,0,0,0,0,0,0,0,0,0,0,0,0,0,0,0,0,0,0,0,0,2,0,3,17,11,0,4,7
2015,united-kingdom-great-britain-and-northern-ireland,https://gadebate.un.org/sites/default/files/gastatements/70/70_gb_en_25.pdf,1690,0,0,0,0,0,0,0,0,1,0,0,0,0,0,0,0,0,0,1,0,0,0,0,0,0,0,0,0,0,0,0,10,14,6,0,4,8
2015,vanuatu,https://gadebate.un.org/sites/default/files/gastatements/70/70_vu_en_2_24.pdf,1521,0,0,1,0,0,0,0,0,1,1,2,0,0,0,0,0,0,0,0,0,0,0,0,0,0,0,1,0,0,0,1,12,7,9,0,2,3
2015,viet-nam,https://gadebate.un.org/sites/default/files/gastatements/70/70_vn_en_24.pdf,1521,0,0,0,0,0,0,0,1,0,0,0,0,0,0,0,0,0,0,0,0,0,0,0,0,0,0,0,0,0,1,1,17,9,13,0,4,11
2015,zambia,https://gadebate.un.org/sites/default/files/gastatements/70/70_zm_en_25.pdf,2095,0,0,0,0,0,3,1,0,0,0,0,1,1,0,1,1,0,0,0,0,0,0,0,0,0,0,0,0,0,0,0,29,9,9,0,8,4
2016,afghanistan,https://gadebate.un.org/sites/default/files/gastatements/71/71_af_en_24.pdf,2952,0,0,0,0,0,0,0,0,0,0,0,0,1,0,0,0,0,0,0,0,0,0,0,0,0,0,0,0,0,2,8,2,13,18,1,14,6
2016,albania,https://gadebate.un.org/sites/default/files/gastatements/71/71_al_en_24.pdf,2558,0,1,0,0,0,0,0,0,0,0,0,0,0,0,0,0,0,0,0,0,0,0,0,0,0,0,0,0,0,0,6,16,12,13,1,13,4
2016,angola,https://gadebate.un.org/sites/default/files/gastatements/71/71_ao_en_24.pdf,1502,0,0,0,0,0,0,0,0,0,0,0,0,0,0,0,0,0,0,0,0,0,0,0,0,0,0,0,0,0,1,0,4,12,14,4,6,3
2016,armenia,https://gadebate.un.org/sites/default/files/gastatements/71/71_am_en_24.pdf,1478,0,0,0,0,0,0,0,0,0,0,0,0,0,0,0,0,0,0,0,0,0,0,0,0,0,0,0,0,0,0,2,6,3,6,0,4,11
2016,australia,https://gadebate.un.org/sites/default/files/gastatements/71/71_au_en_24.pdf,2202,0,0,1,0,0,0,0,0,0,0,0,0,0,0,0,0,0,0,0,0,0,0,0,0,0,0,0,0,1,0,5,3,6,8,0,11,9
2016,azerbaijan,https://gadebate.un.org/sites/default/files/gastatements/71/71_az_en_24.pdf,1502,0,0,0,0,0,0,0,0,0,0,0,0,0,0,0,0,0,0,0,0,0,0,0,0,0,0,0,0,0,1,1,20,3,6,0,2,2
2016,bahamas,https://gadebate.un.org/sites/default/files/gastatements/71/71_bs_en_24.pdf,2107,0,0,0,0,0,0,0,0,0,0,0,0,0,0,1,0,0,0,0,0,0,0,0,0,0,0,0,0,0,0,0,7,1,0,0,4,11
2016,bahrain,https://gadebate.un.org/sites/default/files/gastatements/71/71_bh_en_24.pdf,2987,0,0,1,0,0,0,0,0,0,0,0,0,0,1,0,0,0,0,0,0,0,0,0,0,0,0,0,0,0,2,2,13,16,12,1,5,16
2016,bangladesh,https://gadebate.un.org/sites/default/files/gastatements/71/71_bd_en_24.pdf,1804,0,0,0,0,0,0,0,0,1,0,2,0,0,0,0,0,0,0,0,0,0,0,0,0,0,0,0,0,0,0,0,13,1,5,1,4,11
2016,barbados,https://gadebate.un.org/sites/default/files/gastatements/71/71_bb_en_24.pdf,1381,0,2,0,0,0,0,0,0,0,0,0,0,0,0,1,0,0,0,0,0,0,0,0,0,0,0,0,0,0,0,1,14,3,3,1,7,2
2016,bhutan,https://gadebate.un.org/sites/default/files/gastatements/71/71_bt_en_24.pdf,1922,0,0,0,0,0,0,0,0,0,0,0,0,2,0,0,0,0,0,1,0,0,0,0,0,0,0,0,0,0,0,1,17,7,9,0,7,10
2016,bosnia-and-herzegovina,https://gadebate.un.org/sites/default/files/gastatements/71/71_ba_en_24.pdf,1470,0,0,0,1,0,0,0,0,0,0,1,0,0,0,0,0,0,0,0,0,0,0,0,0,0,0,1,0,0,0,0,7,4,5,0,3,3
2016,botswana,https://gadebate.un.org/sites/default/files/gastatements/71/71_bw_en_24.pdf,1989,0,0,0,0,0,0,0,0,0,0,0,0,1,0,0,0,0,0,0,0,0,0,0,0,0,0,0,0,0,0,1,16,7,6,0,4,5
2016,brazil,https://gadebate.un.org/sites/default/files/gastatements/71/71_br_en_24.pdf,2110,0,0,0,0,0,0,0,0,0,0,0,0,0,0,0,0,0,0,0,0,0,0,0,1,0,0,0,0,0,0,0,11,6,8,3,3,0
2016,burundi,https://gadebate.un.org/sites/default/files/gastatements/71/71_bi_en_24.pdf,2219,0,1,0,0,0,1,0,0,0,0,0,0,0,0,0,0,0,0,0,0,0,0,0,0,0,0,0,0,0,0,1,2,8,0,6,6,2
2016,cabo-verde,https://gadebate.un.org/sites/default/files/gastatements/71/71_cv_en_24.pdf,1909,0,0,0,0,0,2,0,0,0,0,0,0,0,2,0,0,0,0,0,0,0,0,0,0,0,0,0,0,0,0,3,13,6,5,1,2,1
2016,canada,https://gadebate.un.org/sites/default/files/gastatements/71/71_ca_en_24.pdf,1338,0,0,0,0,0,0,0,0,0,0,0,0,0,0,0,0,0,0,0,0,0,0,0,0,0,0,0,0,0,0,0,1,1,1,0,2,11
2016,colombia,https://gadebate.un.org/sites/default/files/gastatements/71/71_co_en.pdf,1462,0,0,0,0,0,0,0,0,1,0,1,0,1,0,0,0,0,0,0,0,0,0,0,0,0,0,0,0,0,0,0,1,2,19,0,4,1
2016,cyprus,https://gadebate.un.org/sites/default/files/gastatements/71/71_cy_en_24.pdf,1886,0,0,0,0,0,1,0,1,0,0,0,0,0,0,0,0,0,0,0,0,0,0,0,0,0,0,0,0,0,3,0,6,6,3,0,1,3
2016,denmark,https://gadebate.un.org/sites/default/files/gastatements/71/71_dk_en_24.pdf,1916,1,0,0,1,0,3,0,0,0,0,0,0,0,0,0,0,0,0,0,1,0,0,0,0,0,0,0,0,1,0,5,18,2,3,4,6,13
2016,eritrea,https://gadebate.un.org/sites/default/files/gastatements/71/71_er_en_24.pdf,1085,0,0,0,0,0,1,0,0,0,0,0,0,0,0,0,0,0,0,0,0,0,0,0,0,0,0,0,0,0,0,0,2,0,1,0,1,11
2016,estonia,https://gadebate.un.org/sites/default/files/gastatements/71/71_ee_en_24.pdf,1603,0,0,0,0,0,0,0,0,0,0,0,0,0,0,0,0,0,0,0,0,0,0,0,0,0,0,0,0,0,0,0,5,5,2,0,1,1
2016,eswatini,https://gadebate.un.org/sites/default/files/gastatements/71/71_sz_en_24.pdf,2316,0,0,0,0,0,1,0,0,0,0,0,0,0,0,0,0,0,0,0,0,0,0,0,0,0,0,0,0,0,0,1,19,2,4,0,0,7
2016,ethiopia,https://gadebate.un.org/sites/default/files/gastatements/71/71_et_en_24.pdf,1404,1,0,0,0,0,0,0,0,1,0,2,0,1,0,0,0,0,0,0,0,0,0,0,0,0,0,0,1,0,0,1,3,3,5,0,4,10
2016,european-union,https://gadebate.un.org/sites/default/files/gastatements/71/71_eu_en_24.pdf,1048,0,0,0,0,0,0,0,0,0,0,0,0,0,0,0,0,0,0,0,0,0,0,0,0,0,0,0,0,0,0,0,3,3,2,0,3,4
2016,fiji,https://gadebate.un.org/sites/default/files/gastatements/71/71_fj_en_24.pdf,2208,0,0,0,0,0,0,0,1,0,0,0,1,0,0,0,0,0,0,0,0,0,0,0,0,0,0,0,0,0,1,0,7,0,0,0,5,14
2016,gambia-republic,https://gadebate.un.org/sites/default/files/gastatements/71/71_gm_en_24.pdf,2330,0,0,0,0,0,0,0,0,0,1,0,1,0,0,0,0,0,0,0,0,0,0,0,0,0,0,0,0,0,1,1,5,9,9,1,4,15
2016,georgia,https://gadebate.un.org/sites/default/files/gastatements/71/71_ge_en_24.pdf,2280,0,0,0,0,0,1,0,0,0,0,3,0,0,0,0,1,0,0,0,0,0,0,0,0,0,0,0,0,0,1,1,16,3,2,1,4,10
2016,ghana,https://gadebate.un.org/sites/default/files/gastatements/71/71_gh_en_24.pdf,3410,0,0,0,0,0,0,0,1,0,0,0,0,0,0,1,0,0,0,1,0,0,0,0,0,0,0,0,0,0,0,1,12,8,5,1,4,10
2016,greece,https://gadebate.un.org/sites/default/files/gastatements/71/71_gr_en_24.pdf,1526,0,0,1,0,0,0,0,0,0,0,0,0,0,0,0,0,0,0,0,0,0,0,0,0,0,0,0,0,0,0,5,1,7,7,1,3,7
2016,grenada,https://gadebate.un.org/sites/default/files/gastatements/71/71_gd_en_24.pdf,2719,0,1,0,0,0,0,1,0,0,0,0,0,0,0,0,0,0,0,0,1,0,0,0,0,0,0,0,0,0,0,3,15,2,4,1,2,7
2016,guinea-bissau,https://gadebate.un.org/sites/default/files/gastatements/71/71_gw_en_24.pdf,1523,0,1,0,0,0,1,0,0,0,0,0,0,1,0,0,0,0,0,0,0,0,0,0,0,0,0,0,0,0,0,1,10,5,4,4,6,6
2016,guyana,https://gadebate.un.org/sites/default/files/gastatements/71/71_gy_en_24.pdf,1863,1,0,0,0,0,1,0,0,0,0,1,0,0,0,0,0,0,0,0,0,0,0,0,0,0,0,0,0,0,2,1,19,2,5,0,2,4
2016,holy-see,https://gadebate.un.org/sites/default/files/gastatements/71/71_va_en_24.pdf,1778,0,0,0,0,0,1,0,0,0,0,0,0,0,0,0,0,0,0,0,0,0,0,0,0,0,0,0,0,0,0,1,15,0,7,4,1,3
2016,hungary,https://gadebate.un.org/sites/default/files/gastatements/71/71_hu_en_24.pdf,1644,0,0,0,0,0,0,0,0,0,0,0,0,0,0,0,0,0,0,0,0,0,0,0,0,0,0,0,0,0,0,0,1,5,1,0,2,13
2016,iceland,https://gadebate.un.org/sites/default/files/gastatements/71/71_is_en_24.pdf,1691,0,0,0,0,0,2,0,0,0,0,0,0,0,0,0,0,0,0,0,0,0,0,0,0,0,0,0,0,0,0,1,4,6,3,0,2,10
2016,india,https://gadebate.un.org/sites/default/files/gastatements/71/71_in_en_24.pdf,1923,0,0,0,0,0,0,0,0,0,0,0,0,0,0,0,0,0,0,0,0,0,0,0,0,0,0,0,0,0,0,1,2,1,4,1,0,1
2016,indonesia,https://gadebate.un.org/sites/default/files/gastatements/71/71_id_en_24.pdf,1461,0,0,2,0,0,1,0,0,0,0,2,0,1,1,0,0,0,0,0,0,0,0,0,0,0,0,0,0,0,0,5,14,5,9,0,2,2
2016,iran-islamic-republic,https://gadebate.un.org/sites/default/files/gastatements/71/71_ir_en_24.pdf,1560,0,0,0,0,0,0,0,0,0,0,0,0,0,0,0,0,0,0,0,0,0,0,0,0,0,0,0,0,0,0,1,5,7,4,2,2,6
2016,ireland,https://gadebate.un.org/sites/default/files/gastatements/71/71_ie_en_24.pdf,2513,0,1,1,0,0,0,0,0,0,0,0,0,0,0,0,0,0,0,0,0,0,0,0,0,0,0,0,0,0,0,1,6,5,9,1,9,9
2016,israel,https://gadebate.un.org/sites/default/files/gastatements/71/71_il_en_24.pdf,4283,0,0,0,0,0,0,0,0,0,0,0,0,1,0,0,0,0,0,0,0,0,0,0,0,0,0,0,0,0,0,0,0,5,23,1,6,11
2016,italy,https://gadebate.un.org/sites/default/files/gastatements/71/71_it_en_24.pdf,1638,0,0,0,0,0,0,0,0,0,0,0,0,2,0,0,0,0,0,0,0,0,0,0,0,0,0,0,0,0,0,1,2,6,1,0,1,4
2016,jamaica,https://gadebate.un.org/sites/default/files/gastatements/71/71_jm_en_24.pdf,2387,0,0,0,0,0,1,0,0,0,0,0,0,0,0,0,0,0,0,0,0,0,0,0,0,0,0,0,0,0,0,6,19,7,4,1,6,2
2016,japan,https://gadebate.un.org/sites/default/files/gastatements/71/71_jp_en_24.pdf,2121,0,1,0,0,0,2,0,0,0,1,0,0,0,0,0,0,0,0,0,0,0,0,0,0,0,0,0,0,0,0,1,3,10,11,0,1,3
2016,kazakhstan,https://gadebate.un.org/sites/default/files/gastatements/71/71_kz_en_24.pdf,2307,0,0,1,0,0,0,0,0,0,0,0,0,0,0,0,0,0,0,0,1,0,0,0,0,0,0,0,0,0,1,5,7,20,10,5,5,1
2016,kenya,https://gadebate.un.org/sites/default/files/gastatements/71/71_ke_en_24.pdf,2283,0,0,0,0,0,0,0,0,0,0,0,0,0,0,0,0,0,0,0,0,0,0,0,0,0,0,0,0,0,0,4,17,11,12,0,8,3
2016,lao-peoples-democratic-republic,https://gadebate.un.org/sites/default/files/gastatements/71/71_la_en_24.pdf,1511,0,0,0,0,0,0,0,0,0,0,0,0,1,0,0,0,0,0,0,0,0,0,0,0,0,0,0,0,0,0,12,23,1,7,2,6,4
2016,latvia,https://gadebate.un.org/sites/default/files/gastatements/71/71_lv_en_24.pdf,1514,0,0,0,0,0,1,0,0,0,2,1,0,0,0,0,0,0,0,0,0,0,0,0,0,0,0,0,0,0,1,2,6,12,6,1,10,4
2016,lesotho,https://gadebate.un.org/sites/default/files/gastatements/71/71_ls_en_24.pdf,1996,0,0,0,0,0,1,1,0,0,0,0,0,0,0,0,0,0,0,0,0,0,0,0,0,0,0,2,0,0,1,0,14,9,8,0,5,7
2016,liberia,https://gadebate.un.org/sites/default/files/gastatements/71/71_lr_en_24.pdf,1296,0,1,0,0,0,0,0,0,1,0,0,0,1,1,0,0,0,0,0,0,0,0,0,0,0,0,0,0,0,0,0,8,10,7,1,3,5
2016,liechtenstein,https://gadebate.un.org/sites/default/files/gastatements/71/71_li_en_24.pdf,1315,0,0,0,0,0,0,0,0,0,0,0,0,0,0,0,0,0,0,0,0,0,0,0,0,0,0,0,0,0,0,0,1,2,1,0,1,5
2016,lithuania,https://gadebate.un.org/sites/default/files/gastatements/71/71_lt_en_24.pdf,549,0,0,0,0,0,0,0,0,0,0,0,0,0,0,0,0,0,0,0,0,0,0,0,0,0,0,0,0,0,0,0,4,0,0,0,0,0
2016,madagascar,https://gadebate.un.org/sites/default/files/gastatements/71/71_mg_en_24.pdf,2052,0,0,0,0,0,0,0,0,0,0,0,0,0,0,0,0,0,0,0,0,0,0,0,0,0,0,0,0,0,0,2,0,0,0,0,0,0
2016,malawi,https://gadebate.un.org/sites/default/files/gastatements/71/71_mw_en_24.pdf,1807,0,0,0,0,0,0,1,1,0,0,0,0,0,1,0,0,0,0,0,0,0,0,0,0,0,0,0,0,0,0,0,7,4,5,0,2,4
2016,malaysia,https://gadebate.un.org/sites/default/files/gastatements/71/71_my_en_24.pdf,1724,0,0,0,0,0,1,0,0,0,0,1,0,1,2,0,0,0,0,0,0,0,0,0,0,0,0,0,1,0,0,0,11,5,2,0,1,6
2016,malta,https://gadebate.un.org/sites/default/files/gastatements/71/71_mt_en_24.pdf,1830,0,0,0,0,0,2,0,0,0,0,0,0,0,0,0,0,0,0,0,0,0,0,0,0,0,0,0,0,0,1,4,1,9,14,2,5,7
2016,marshall-islands,https://gadebate.un.org/sites/default/files/gastatements/71/71_mh_en_24.pdf,1794,0,0,0,0,0,0,0,0,0,0,0,0,0,0,0,0,0,0,0,0,0,0,0,0,0,0,0,0,0,0,1,7,4,1,1,2,7
2016,mauritius,https://gadebate.un.org/sites/default/files/gastatements/71/71_mu_en_24.pdf,2311,0,0,0,0,0,0,0,0,0,0,0,0,0,1,0,0,0,0,0,0,0,0,0,0,0,0,2,0,0,2,0,5,6,4,5,6,0
2016,micronesia-federated-states,https://gadebate.un.org/sites/default/files/gastatements/71/71_fm_en_24.pdf,1837,0,0,0,0,0,0,0,0,0,0,0,0,0,0,0,0,0,0,0,0,0,0,0,0,0,0,0,0,0,0,0,2,9,5,0,2,4
2016,mongolia,https://gadebate.un.org/sites/default/files/gastatements/71/71_mn_en_24.pdf,2533,0,0,0,0,0,0,1,0,0,0,0,0,2,0,0,0,0,0,0,0,0,0,0,0,0,0,0,0,0,0,5,19,9,10,2,6,16
2016,montenegro,https://gadebate.un.org/sites/default/files/gastatements/71/71_me_en_24.pdf,2230,0,0,0,0,0,0,0,0,0,0,0,0,0,0,0,0,0,0,0,0,0,0,0,0,0,0,0,0,0,0,1,20,6,5,0,4,5
2016,mozambique,https://gadebate.un.org/sites/default/files/gastatements/71/71_mz_en_24.pdf,1106,0,0,0,0,0,0,0,0,0,0,0,0,1,0,0,0,0,0,0,0,0,0,0,0,0,0,0,0,0,0,2,18,2,4,0,0,2
2016,myanmar,https://gadebate.un.org/sites/default/files/gastatements/71/71_mm_en_24.pdf,1598,0,0,0,0,0,0,0,0,0,0,0,0,0,0,0,0,0,0,0,0,0,0,0,0,0,0,0,0,0,0,1,10,5,15,0,1,7
2016,namibia,https://gadebate.un.org/sites/default/files/gastatements/71/71_na_en_24.pdf,1744,1,0,0,0,0,0,0,0,0,0,0,0,0,1,0,0,0,0,0,0,0,0,0,0,0,0,1,0,0,0,0,7,6,3,0,1,11
2016,nauru,https://gadebate.un.org/sites/default/files/gastatements/71/71_nr_en_24.pdf,1651,0,0,0,0,0,1,0,0,0,0,0,2,0,0,0,0,0,0,0,0,0,0,0,0,0,0,0,0,0,0,2,3,3,0,1,7,3
2016,nepal,https://gadebate.un.org/sites/default/files/gastatements/71/71_np_en_24.pdf,2680,0,1,1,0,0,0,0,0,1,0,1,0,0,2,0,0,0,0,0,0,0,0,0,0,0,0,0,0,0,1,0,15,8,33,2,6,8
2016,netherlands,https://gadebate.un.org/sites/default/files/gastatements/71/71_nl_en_24.pdf,2540,0,0,1,0,0,0,0,0,0,0,0,0,0,0,0,0,0,0,0,0,0,0,0,0,0,0,0,0,1,0,3,10,13,10,1,6,7
2016,new-zealand,https://gadebate.un.org/sites/default/files/gastatements/71/71_nz_en_24.pdf,2028,0,0,0,0,0,0,0,0,0,0,0,0,0,0,0,0,0,0,0,0,0,0,0,0,0,0,0,0,0,1,0,7,11,3,0,1,9
2016,nigeria,https://gadebate.un.org/sites/default/files/gastatements/71/71_ng_en_24.pdf,2025,0,0,0,0,0,1,1,0,1,0,0,0,0,0,0,0,0,0,1,0,0,0,0,0,0,0,0,0,0,0,0,14,8,3,0,8,6
2016,norway,https://gadebate.un.org/sites/default/files/gastatements/71/71_no_en_24.pdf,1558,0,0,0,0,0,0,0,0,0,0,0,0,0,0,0,0,0,0,0,0,0,0,0,0,0,0,0,0,0,0,3,5,4,8,0,3,2
2016,pakistan,https://gadebate.un.org/sites/default/files/gastatements/71/71_pk_en_24.pdf,2020,0,1,0,0,0,1,0,0,0,0,0,0,0,2,0,0,0,0,0,0,0,0,0,0,0,0,0,0,0,0,0,4,13,12,5,3,11
2016,palau,https://gadebate.un.org/sites/default/files/gastatements/71/71_pw_en_24.pdf,1940,0,0,0,0,0,0,0,0,0,0,0,0,1,0,0,0,0,0,0,0,0,0,0,0,0,0,0,0,0,0,0,9,5,2,0,4,1
2016,papua-new-guinea,https://gadebate.un.org/sites/default/files/gastatements/71/71_pg_en_24.pdf,2610,0,0,1,0,0,1,1,0,1,0,2,0,0,1,0,0,0,0,1,0,0,0,0,0,0,0,0,0,1,0,2,28,5,3,1,14,8
2016,philippines,https://gadebate.un.org/sites/default/files/gastatements/71/71_ph_en_24.pdf,2145,0,0,0,1,0,0,0,0,0,0,0,0,0,0,0,0,0,0,0,0,0,0,0,0,0,0,1,0,0,0,0,19,3,9,0,1,21
2016,poland,https://gadebate.un.org/sites/default/files/gastatements/71/71_pl_en_24.pdf,2284,0,0,0,0,0,0,1,0,0,0,0,0,1,0,0,0,0,0,0,0,0,0,0,0,0,0,0,0,0,1,1,29,3,6,0,2,8
2016,republic-korea,https://gadebate.un.org/sites/default/files/gastatements/71/71_kr_en_24.pdf,1645,0,0,0,0,0,0,0,1,1,0,0,0,0,1,0,0,0,0,0,0,0,0,0,0,0,0,0,0,0,0,1,8,9,6,0,0,4
2016,republic-moldova,https://gadebate.un.org/sites/default/files/gastatements/71/71_md_en_24.pdf,2773,0,0,0,1,0,4,0,0,0,0,0,0,1,0,0,0,0,0,0,0,0,0,0,0,0,0,0,0,0,2,1,17,15,6,0,3,4
2016,rwanda,https://gadebate.un.org/sites/default/files/gastatements/71/71_rw_en_24.pdf,655,0,0,0,0,0,0,0,0,0,0,0,0,0,0,0,0,0,0,0,0,0,0,0,0,0,0,0,0,0,0,1,2,1,1,0,2,2
2016,saint-kitts-and-nevis,https://gadebate.un.org/sites/default/files/gastatements/71/71_kn_en_24.pdf,1643,0,0,1,0,0,0,0,0,0,0,0,0,0,0,0,0,0,0,0,0,0,0,0,0,0,0,0,0,0,0,3,7,5,3,0,8,18
2016,saint-lucia,https://gadebate.un.org/sites/default/files/gastatements/71/71_lc_en_24.pdf,1403,0,0,1,0,0,0,0,0,0,0,0,0,0,0,0,0,0,0,0,0,0,0,0,0,0,0,0,0,0,0,1,3,2,0,1,2,5
2016,saint-vincent-and-grenadines,https://gadebate.un.org/sites/default/files/gastatements/71/71_vc_en_24.pdf,2993,0,0,0,0,0,0,0,0,0,0,1,0,0,0,0,0,0,0,0,0,0,1,0,0,0,0,0,0,0,1,3,13,4,1,0,4,13
2016,san-marino,https://gadebate.un.org/sites/default/files/gastatements/71/71_sm_en_24.pdf,1336,0,0,0,0,0,0,0,0,0,0,0,0,0,0,0,0,0,0,0,0,0,0,0,0,0,0,0,0,0,0,0,6,2,3,0,3,7
2016,serbia,https://gadebate.un.org/sites/default/files/gastatements/71/71_rs_en_24.pdf,1796,0,0,0,0,0,0,0,0,0,0,0,0,2,0,0,0,0,0,0,0,0,0,0,0,0,0,0,0,0,0,2,4,1,5,1,4,9
2016,sierra-leone,https://gadebate.un.org/sites/default/files/gastatements/71/71_sl_en_24.pdf,1938,0,0,0,0,0,0,0,0,0,0,0,0,0,1,0,0,0,0,0,0,0,0,0,0,0,0,0,0,0,0,0,10,7,5,0,3,5
2016,slovenia,https://gadebate.un.org/sites/default/files/gastatements/71/71_si_en_24.pdf,1206,0,0,0,0,0,0,0,0,0,0,0,0,0,0,0,0,0,0,0,0,0,0,0,0,0,0,1,0,0,0,0,3,7,3,0,0,1
2016,solomon-islands,https://gadebate.un.org/sites/default/files/gastatements/71/71_sb_en_24.pdf,2419,0,0,2,0,0,0,0,0,0,0,0,0,0,0,1,0,0,0,0,0,0,0,0,0,0,0,1,0,0,4,2,7,1,1,1,6,8
2016,somalia,https://gadebate.un.org/sites/default/files/gastatements/71/71_so_en_24.pdf,2451,0,0,0,0,0,0,0,0,0,0,0,0,0,1,0,0,0,0,0,0,0,0,0,0,0,0,0,0,0,0,4,22,9,5,1,4,25
2016,south-africa,https://gadebate.un.org/sites/default/files/gastatements/71/71_za_en_24.pdf,1802,0,1,0,0,0,0,0,0,1,0,1,0,0,1,0,0,0,0,0,0,0,0,0,0,0,0,0,0,0,0,2,17,8,7,0,3,6
2016,south-sudan,https://gadebate.un.org/sites/default/files/gastatements/71/71_ss_en_24.pdf,1670,0,0,0,0,0,0,0,0,0,0,0,0,0,0,0,0,0,0,0,0,0,0,0,0,0,0,0,0,0,0,2,9,1,10,2,1,6
2016,suriname,https://gadebate.un.org/sites/default/files/gastatements/71/71_sr_en_24.pdf,1408,0,1,0,0,0,0,0,0,0,0,0,0,0,0,0,0,0,0,0,0,0,0,0,0,0,0,0,0,0,1,3,16,3,9,2,4,7
2016,tajikistan,https://gadebate.un.org/sites/default/files/gastatements/71/71_tj_en_24.pdf,1747,0,0,0,0,0,0,0,0,0,0,0,0,0,0,0,0,0,0,0,0,0,0,0,0,0,0,0,0,0,0,7,23,7,4,1,8,2
2016,thailand,https://gadebate.un.org/sites/default/files/gastatements/71/71_th_en_24.pdf,1731,0,0,0,0,0,0,0,0,0,0,1,0,0,0,0,0,0,0,0,0,0,0,0,0,0,0,0,0,0,0,8,23,6,3,1,2,9
2016,trinidad-and-tobago,https://gadebate.un.org/sites/default/files/gastatements/71/71_tt_en_24.pdf,3739,0,0,0,1,0,0,1,0,0,0,1,0,1,3,0,3,0,0,0,0,0,0,0,0,0,0,0,0,0,0,4,40,10,7,0,9,13
2016,turkmenistan,https://gadebate.un.org/sites/default/files/gastatements/71/71_tm_en_24.pdf,2162,0,0,0,0,0,0,0,0,0,0,0,0,1,0,0,0,0,0,0,0,0,0,0,0,0,0,0,0,0,0,11,13,5,4,1,2,1
2016,tuvalu,https://gadebate.un.org/sites/default/files/gastatements/71/71_tv_en_24.pdf,2213,0,0,1,0,0,0,0,1,0,0,0,0,0,0,0,0,0,0,0,0,0,0,0,0,0,0,0,0,0,1,2,10,6,2,0,5,10
2016,uganda,https://gadebate.un.org/sites/default/files/gastatements/71/71_ug_en_24.pdf,1033,0,0,0,0,0,1,0,0,0,0,0,0,0,0,0,0,0,0,0,0,0,0,0,0,0,0,0,0,0,0,0,4,1,2,0,2,6
2016,ukraine,https://gadebate.un.org/sites/default/files/gastatements/71/71_ua_en_24.pdf,3484,0,0,0,0,0,0,0,0,0,0,0,0,0,0,0,0,0,0,0,0,0,0,0,0,0,0,0,0,0,1,0,5,20,7,0,3,11
2016,united-states-america,https://gadebate.un.org/sites/default/files/gastatements/71/71_us_en_24.pdf,5466,0,0,0,0,0,0,0,0,0,0,0,0,0,0,0,0,0,0,0,0,0,0,0,0,0,0,0,0,0,0,4,2,4,0,0,3,34
2016,uzbekistan,https://gadebate.un.org/sites/default/files/gastatements/71/71_uz_en_24.pdf,1190,0,0,0,0,0,0,0,0,0,0,0,0,0,0,0,0,0,0,1,0,0,0,0,0,0,0,0,0,0,0,2,7,4,3,0,1,4
2016,viet-nam,https://gadebate.un.org/sites/default/files/gastatements/71/71_vn_en_24.pdf,1404,0,1,0,0,0,1,0,0,1,0,0,0,0,0,0,0,0,0,0,0,0,0,0,0,0,0,0,0,0,0,9,16,8,13,0,1,4
2017,afghanistan,https://gadebate.un.org/sites/default/files/gastatements/72/af_en.pdf,1830,0,0,0,0,0,0,0,1,0,0,0,0,0,0,0,1,0,0,0,0,0,0,0,0,0,0,0,0,0,1,1,0,7,7,4,1,9
2017,albania,https://gadebate.un.org/sites/default/files/gastatements/72/al_en.pdf,2040,0,0,0,0,0,0,0,0,0,0,0,0,1,0,0,0,0,0,0,0,0,0,0,0,0,0,1,0,0,0,4,8,5,2,1,1,7
2017,angola,https://gadebate.un.org/sites/default/files/gastatements/72/ao_en.pdf,1756,0,0,0,0,0,0,0,0,0,0,0,0,0,0,0,0,0,0,0,0,0,0,0,0,0,0,0,0,0,0,2,13,10,16,4,5,6
2017,antigua-and-barbuda,https://gadebate.un.org/sites/default/files/gastatements/72/ag_en.pdf,2143,0,0,0,0,0,0,0,0,0,0,0,0,0,0,0,0,0,0,0,0,0,0,0,0,0,0,0,0,0,0,0,3,0,2,0,0,12
2017,armenia,https://gadebate.un.org/sites/default/files/gastatements/72/am_en.pdf,1762,0,0,0,0,0,0,0,0,0,0,0,0,0,0,0,0,0,1,0,0,0,0,0,0,0,0,0,0,0,0,2,2,1,2,0,1,14
2017,australia,https://gadebate.un.org/sites/default/files/gastatements/72/au_en.pdf,1586,0,0,0,0,0,0,0,0,0,0,0,0,0,0,0,0,0,0,0,0,0,0,0,0,0,0,0,0,0,0,1,5,9,3,0,15,6
2017,austria,https://gadebate.un.org/sites/default/files/gastatements/72/at_en.pdf,1298,0,0,0,0,0,0,0,0,0,0,0,0,0,0,0,0,0,0,0,0,0,0,0,0,0,0,0,0,0,0,3,2,7,0,0,6,7
2017,azerbaijan,https://gadebate.un.org/sites/default/files/gastatements/72/az_en.pdf,1764,0,0,0,0,0,0,0,0,0,0,0,0,0,0,0,0,0,0,0,0,0,0,0,0,0,0,0,0,0,0,3,6,8,1,3,3,6
2017,bahamas,https://gadebate.un.org/sites/default/files/gastatements/72/bs_en.pdf,2237,0,0,0,0,0,0,0,1,0,0,0,0,0,0,0,0,0,0,1,0,0,0,0,0,0,0,0,1,0,0,0,12,3,2,1,6,8
2017,bangladesh,https://gadebate.un.org/sites/default/files/gastatements/72/bd_en.pdf,1656,0,0,0,0,0,0,0,0,0,0,1,0,0,0,0,0,0,0,1,1,0,0,0,0,0,0,0,0,0,0,0,5,1,10,0,3,10
2017,barbados,https://gadebate.un.org/sites/default/files/gastatements/72/bb_en.pdf,2598,0,2,0,0,0,0,0,0,0,0,0,0,0,0,0,0,0,0,0,0,0,0,0,0,0,0,0,0,0,0,4,23,7,13,2,10,15
2017,belarus,https://gadebate.un.org/sites/default/files/gastatements/72/by_en.pdf,1751,0,0,0,0,0,0,0,0,0,0,0,0,0,0,0,0,0,0,0,0,0,0,0,0,0,0,0,0,0,0,7,1,3,3,4,1,4
2017,belize,https://gadebate.un.org/sites/default/files/gastatements/72/bz_en.pdf,2415,0,0,0,0,0,2,0,0,0,0,0,0,0,0,0,0,0,0,1,0,0,0,0,0,0,0,0,0,0,1,7,16,4,5,1,12,12
2017,bhutan,https://gadebate.un.org/sites/default/files/gastatements/72/bt_en.pdf,1751,0,0,0,0,0,0,0,0,1,0,1,0,0,0,0,0,0,0,0,0,0,0,0,0,0,0,0,0,0,0,1,3,8,8,0,5,8
2017,bosnia-and-herzegovina,https://gadebate.un.org/sites/default/files/gastatements/72/ba_en.pdf,2473,0,0,0,0,0,0,0,0,0,0,0,0,0,0,0,0,0,0,0,0,0,0,0,0,0,0,0,0,0,0,4,4,8,8,2,3,12
2017,botswana,https://gadebate.un.org/sites/default/files/gastatements/72/bw_en.pdf,2479,0,0,1,0,0,0,0,0,1,0,0,0,0,0,0,0,0,0,1,0,0,0,0,0,0,0,0,0,0,1,1,23,5,11,0,7,21
2017,brazil,https://gadebate.un.org/sites/default/files/gastatements/72/br_en.pdf,1897,0,0,0,0,0,0,0,0,0,0,0,0,0,0,0,0,0,0,0,0,0,0,0,0,0,0,0,0,0,0,1,8,7,3,1,3,4
2017,brunei-darussalam,https://gadebate.un.org/sites/default/files/gastatements/72/bn_en.pdf,1424,0,0,0,0,0,0,0,0,1,0,0,0,0,0,0,0,0,0,0,0,0,0,0,0,0,0,0,0,0,0,1,11,4,8,1,1,11
2017,bulgaria,https://gadebate.un.org/sites/default/files/gastatements/72/bg_en.pdf,1672,0,0,0,0,0,0,0,0,0,0,0,0,0,0,0,0,0,0,0,0,0,0,0,0,0,0,0,0,0,1,0,9,9,15,2,6,2
2017,cabo-verde,https://gadebate.un.org/sites/default/files/gastatements/72/cv_en.pdf,1886,0,0,0,0,0,0,0,0,0,0,0,0,0,0,0,0,0,0,0,0,0,0,0,0,0,0,0,0,0,0,0,12,7,5,2,5,13
2017,canada,https://gadebate.un.org/sites/default/files/gastatements/72/ca_en_fr.pdf,3624,0,1,0,0,0,0,0,0,0,0,0,0,0,0,0,0,0,0,0,0,0,0,0,0,0,0,0,0,0,0,0,3,0,1,0,3,26
2017,costa-rica,https://gadebate.un.org/sites/default/files/gastatements/72/cr_en.pdf,4709,0,0,0,0,0,0,0,0,0,0,1,0,0,0,0,0,0,0,0,0,0,0,0,0,0,0,0,0,0,0,0,18,5,15,2,6,12
2017,croatia,https://gadebate.un.org/sites/default/files/gastatements/72/hr_en.pdf,2102,0,1,0,0,0,0,0,0,0,0,0,0,1,0,0,0,0,0,0,0,0,0,0,0,0,0,0,0,1,0,1,9,10,10,2,6,8
2017,cyprus,https://gadebate.un.org/sites/default/files/gastatements/72/cy_en.pdf,2280,0,2,0,0,0,0,0,0,0,0,0,0,0,1,0,0,0,0,0,0,0,0,0,0,0,0,0,0,0,1,2,5,12,6,3,4,4
2017,czech-republic,https://gadebate.un.org/sites/default/files/gastatements/72/cz_en.pdf,648,0,0,0,0,0,0,0,0,0,0,0,0,0,0,0,0,0,0,0,0,0,0,0,0,0,0,0,0,0,0,0,0,0,0,0,1,3
2017,democratic-peoples-republic-korea,https://gadebate.un.org/sites/default/files/gastatements/72/kp_en.pdf,2575,0,0,0,0,0,0,0,0,0,0,0,0,0,0,0,0,0,0,0,0,0,0,0,0,0,0,0,0,0,5,0,5,19,10,0,2,11
2017,denmark,https://gadebate.un.org/sites/default/files/gastatements/72/dk_en.pdf,1608,0,0,0,0,0,0,0,0,0,1,0,0,0,0,0,0,0,0,0,0,0,0,0,0,0,0,0,0,0,0,5,7,6,3,2,10,5
2017,dominica,https://gadebate.un.org/sites/default/files/gastatements/72/dm_en.pdf,1593,0,0,0,0,0,0,0,0,0,1,0,0,0,0,0,0,0,0,0,0,0,0,0,0,0,0,0,0,0,0,0,3,0,0,0,1,3
2017,egypt,https://gadebate.un.org/sites/default/files/gastatements/72/eg_en.pdf,2514,0,0,0,0,1,0,0,0,0,0,0,0,0,0,0,0,0,0,1,0,0,0,0,0,0,0,1,0,0,1,4,9,6,6,0,2,7
2017,eritrea,https://gadebate.un.org/sites/default/files/gastatements/72/er_en.pdf,1058,0,0,1,0,0,1,0,0,1,0,0,0,0,0,0,0,0,0,0,0,0,0,0,0,0,0,0,0,0,1,3,3,4,3,0,0,6
2017,estonia,https://gadebate.un.org/sites/default/files/gastatements/72/ee_en.pdf,1974,0,0,0,0,0,0,0,0,0,0,0,0,0,0,0,0,0,0,0,0,0,0,0,0,0,0,0,0,0,0,2,7,6,6,0,4,12
2017,eswatini,https://gadebate.un.org/sites/default/files/gastatements/72/sz_en.pdf,1799,0,0,0,1,0,0,1,0,0,0,2,0,0,0,0,0,0,0,0,0,0,0,0,0,0,0,0,0,0,0,1,16,2,5,0,6,7
2017,ethiopia,https://gadebate.un.org/sites/default/files/gastatements/72/et_en.pdf,1536,0,0,0,0,0,0,0,0,0,0,1,0,0,0,0,0,0,0,0,0,0,1,0,0,0,0,0,0,0,0,1,13,15,16,1,3,3
2017,european-union,https://gadebate.un.org/sites/default/files/gastatements/72/eu_en.pdf,1138,0,0,0,0,0,0,0,0,0,0,1,0,0,1,0,0,0,0,0,0,0,0,0,0,0,0,0,0,0,0,0,1,4,1,0,3,4
2017,fiji,https://gadebate.un.org/sites/default/files/gastatements/72/fj_en.pdf,3022,0,0,0,0,0,0,0,0,0,0,0,0,0,0,0,0,0,0,0,0,0,0,0,0,0,0,0,0,0,0,0,6,4,0,2,5,20
2017,finland,https://gadebate.un.org/sites/default/files/gastatements/72/fi_en.pdf,1195,0,0,0,0,0,0,0,0,0,0,0,0,0,0,0,0,0,0,0,0,0,0,0,0,0,0,0,0,0,0,0,2,6,6,0,4,4
2017,gambia-republic,https://gadebate.un.org/sites/default/files/gastatements/72/ga_en.pdf,1728,0,0,0,0,0,0,0,0,1,0,1,0,0,0,0,0,0,0,1,0,0,0,0,0,0,0,0,0,0,0,3,10,7,11,0,8,9
2017,georgia,https://gadebate.un.org/sites/default/files/gastatements/72/ge_en.pdf,1847,0,0,0,0,0,0,0,0,0,0,0,0,0,0,0,0,0,0,0,0,0,0,1,0,0,0,0,0,0,1,0,5,4,1,0,6,8
2017,germany,https://gadebate.un.org/sites/default/files/gastatements/72/de_en.pdf,1997,0,0,0,0,0,0,0,0,0,0,0,0,0,0,0,0,0,0,0,0,0,0,0,0,0,0,0,0,0,2,3,2,3,12,0,2,1
2017,ghana,https://gadebate.un.org/sites/default/files/gastatements/72/gh_en.pdf,1623,0,0,0,0,0,0,0,1,0,0,0,0,0,0,0,0,0,0,0,0,0,0,0,0,0,0,0,0,0,0,0,1,3,2,0,2,4
2017,greece,https://gadebate.un.org/sites/default/files/gastatements/72/gr_en.pdf,1675,0,0,0,0,0,1,0,0,0,0,0,0,0,0,0,0,0,0,0,0,0,0,0,0,0,0,0,0,0,1,9,0,9,5,3,7,2
2017,grenada,https://gadebate.un.org/sites/default/files/gastatements/72/gd_en.pdf,2050,0,0,1,0,0,0,0,1,0,0,0,0,0,1,0,0,0,0,1,0,0,0,0,0,0,0,0,0,0,1,1,3,2,2,3,4,11
2017,guinea-bissau,https://gadebate.un.org/sites/default/files/gastatements/72/gw_en.pdf,1760,0,0,0,0,0,0,0,0,0,0,0,0,1,0,0,0,0,0,0,0,0,0,0,0,0,0,0,0,0,0,1,3,10,7,0,3,10
2017,guyana,https://gadebate.un.org/sites/default/files/gastatements/72/gy_en.pdf,1203,0,0,0,0,0,0,0,0,0,0,0,0,0,0,0,0,0,0,0,0,0,0,0,0,0,0,1,0,0,0,0,4,1,10,0,1,12
2017,holy-see,https://gadebate.un.org/sites/default/files/gastatements/72/va_en.pdf,3489,0,0,0,0,0,0,0,0,0,0,0,0,1,0,0,0,0,0,0,0,0,0,0,0,0,0,0,0,0,0,2,9,2,14,1,2,24
2017,hungary,https://gadebate.un.org/sites/default/files/gastatements/72/hu_en.pdf,1840,0,0,0,0,0,0,0,0,0,0,0,0,0,0,0,0,0,0,0,0,0,0,0,0,0,0,0,0,0,0,6,1,2,2,0,1,9
2017,iceland,https://gadebate.un.org/sites/default/files/gastatements/72/is_en.pdf,1614,0,0,0,0,0,0,0,0,0,0,1,0,0,0,0,0,0,0,0,0,0,0,0,0,0,0,0,0,0,1,1,8,6,7,1,3,6
2017,india,https://gadebate.un.org/sites/default/files/gastatements/72/in_en.pdf,2373,0,0,0,0,0,0,0,0,0,0,0,0,0,0,0,0,0,0,0,0,1,0,0,0,0,0,0,0,0,0,0,4,7,10,3,2,7
2017,indonesia,https://gadebate.un.org/sites/default/files/gastatements/72/id_en.pdf,1359,0,0,0,0,0,1,0,0,0,0,0,0,0,1,1,0,0,0,0,0,0,0,0,0,0,0,0,0,0,0,3,13,3,20,2,5,7
2017,iran-islamic-republic,https://gadebate.un.org/sites/default/files/gastatements/72/ir_en.pdf,2010,0,0,0,0,1,0,0,0,0,0,0,0,0,1,0,0,0,0,1,0,0,0,0,0,0,0,0,0,1,0,5,4,8,11,4,3,15
2017,ireland,https://gadebate.un.org/sites/default/files/gastatements/72/ie_en.pdf,2871,0,0,1,2,0,0,0,0,0,0,0,0,0,0,0,0,0,0,0,0,0,0,0,0,0,0,0,0,0,0,3,8,12,12,0,6,17
2017,italy,https://gadebate.un.org/sites/default/files/gastatements/72/it_en.pdf,3566,0,0,0,0,0,2,0,0,0,0,0,0,1,1,0,0,0,0,0,0,0,0,0,0,0,0,0,0,0,1,4,10,17,14,4,17,6
2017,jamaica,https://gadebate.un.org/sites/default/files/gastatements/72/jm_en.pdf,2507,0,0,0,0,0,1,0,0,0,0,1,0,0,0,0,0,0,0,1,0,0,0,0,0,0,0,0,0,0,0,1,15,7,8,1,12,14
2017,japan,https://gadebate.un.org/sites/default/files/gastatements/72/jp_en.pdf,1294,0,0,0,0,0,0,0,0,0,0,0,0,0,0,0,0,0,0,0,0,0,0,0,0,0,0,0,0,0,0,0,1,0,1,7,0,2
2017,kazakhstan,https://gadebate.un.org/sites/default/files/gastatements/72/kz_en.pdf,2490,0,0,0,0,0,0,0,1,0,0,0,0,0,0,0,0,0,0,0,1,0,0,0,0,0,0,0,0,0,0,3,13,15,16,2,7,5
2017,kiribati,https://gadebate.un.org/sites/default/files/gastatements/72/ki_en.pdf,2204,0,1,1,0,0,0,0,0,1,0,1,0,1,0,0,0,0,0,0,0,0,0,0,0,0,0,0,0,0,0,1,9,0,5,0,7,25
2017,latvia,https://gadebate.un.org/sites/default/files/gastatements/72/lv_en.pdf,1752,0,1,0,0,0,1,0,0,0,0,0,0,0,0,0,0,0,0,0,0,0,0,0,0,0,0,0,0,0,1,2,9,13,10,1,9,8
2017,lesotho,https://gadebate.un.org/sites/default/files/gastatements/72/ls_en.pdf,2563,0,1,1,1,0,0,1,0,1,1,0,0,0,0,0,0,0,0,0,0,0,0,0,0,0,0,0,0,0,1,1,12,8,9,0,6,7
2017,liberia,https://gadebate.un.org/sites/default/files/gastatements/72/lr_en.pdf,1541,0,1,0,0,0,0,0,0,1,0,0,0,0,1,0,0,0,0,0,0,0,0,0,0,0,0,0,0,0,0,1,8,5,8,0,4,4
2017,liechtenstein,https://gadebate.un.org/sites/default/files/gastatements/72/li_en.pdf,1617,0,0,0,0,0,0,0,0,0,0,0,0,0,0,0,0,0,0,0,0,0,0,0,0,0,0,0,0,0,0,0,2,3,2,0,2,8
2017,lithuania,https://gadebate.un.org/sites/default/files/gastatements/72/lt_en.pdf,527,0,0,0,0,0,0,0,0,0,0,0,0,0,0,0,0,0,0,0,0,0,0,0,0,0,0,0,0,0,0,0,0,1,1,0,0,2
2017,malawi,https://gadebate.un.org/sites/default/files/gastatements/72/mw_en.pdf,1498,0,0,0,0,0,1,0,0,0,0,0,0,0,0,0,0,0,0,0,0,0,0,0,0,0,0,0,0,0,0,0,6,1,9,0,3,18
2017,malaysia,https://gadebate.un.org/sites/default/files/gastatements/72/my_en.pdf,1652,0,0,1,1,0,0,1,0,0,0,0,0,0,0,0,0,0,0,0,0,0,0,0,0,0,0,0,0,0,0,2,10,6,6,1,6,6
2017,maldives,https://gadebate.un.org/sites/default/files/gastatements/72/mv_en.pdf,3063,0,0,0,0,0,0,0,1,0,0,0,0,0,0,0,0,0,0,0,0,0,0,0,0,0,0,0,0,0,0,0,8,1,8,2,9,13
2017,malta,https://gadebate.un.org/sites/default/files/gastatements/72/mt_en.pdf,1195,0,0,0,0,0,0,0,1,0,0,0,0,0,0,0,0,0,0,0,0,0,0,0,0,0,0,0,0,1,0,0,5,1,5,0,3,4
2017,marshall-islands,https://gadebate.un.org/sites/default/files/gastatements/72/mh_en.pdf,2034,0,0,0,0,0,0,0,1,0,0,0,0,0,0,0,0,0,0,0,0,0,0,0,0,0,0,0,0,0,0,1,0,7,2,0,3,7
2017,mauritius,https://gadebate.un.org/sites/default/files/gastatements/72/mu_en.pdf,1994,0,0,0,0,0,0,0,1,0,0,1,0,0,0,0,0,0,0,0,0,0,0,0,0,0,0,0,0,0,1,0,10,11,2,2,7,9
2017,micronesia-federated-states,https://gadebate.un.org/sites/default/files/gastatements/72/fm_en.pdf,1573,0,0,1,0,0,0,0,0,0,0,0,0,0,0,0,0,0,0,0,0,0,0,0,0,0,0,0,0,0,0,3,5,8,6,0,5,8
2017,montenegro,https://gadebate.un.org/sites/default/files/gastatements/72/me_en.pdf,1293,0,0,0,0,0,0,0,0,0,0,0,0,0,0,0,0,0,0,0,0,0,0,0,0,0,0,0,0,0,0,8,5,5,9,2,4,0
2017,mozambique,https://gadebate.un.org/sites/default/files/gastatements/72/mz_en.pdf,2630,0,0,0,0,0,3,0,0,0,0,0,0,0,1,0,0,0,0,0,0,0,0,0,0,0,0,1,0,0,2,2,24,9,18,6,4,19
2017,myanmar,https://gadebate.un.org/sites/default/files/gastatements/72/mm_en.pdf,1866,0,1,0,0,0,0,0,0,0,0,0,0,1,0,0,0,0,0,0,0,0,0,0,0,0,0,0,0,0,0,2,1,6,15,0,2,6
2017,namibia,https://gadebate.un.org/sites/default/files/gastatements/72/na_en.pdf,1596,0,0,0,0,0,0,0,0,1,0,0,0,1,0,0,0,0,0,0,0,0,0,0,0,0,0,0,0,0,0,2,8,7,20,1,6,15
2017,nauru,https://gadebate.un.org/sites/default/files/gastatements/72/nr_en.pdf,1769,0,0,0,0,0,0,0,0,0,0,0,0,0,1,0,0,0,0,0,0,0,0,0,0,0,0,0,0,0,0,5,8,4,3,1,7,13
2017,nepal,https://gadebate.un.org/sites/default/files/gastatements/72/np_en.pdf,2362,0,0,0,0,0,0,0,0,1,0,0,0,2,0,0,0,0,0,0,0,0,0,0,0,0,0,0,0,0,0,4,15,11,15,2,7,6
2017,netherlands,https://gadebate.un.org/sites/default/files/gastatements/72/nl_en.pdf,1932,0,0,0,0,0,3,0,0,0,0,0,0,0,0,0,1,0,0,0,0,0,0,0,0,0,0,0,0,0,0,7,7,6,4,0,1,8
2017,new-zealand,https://gadebate.un.org/sites/default/files/gastatements/72/nz_en.pdf,1719,0,0,0,0,0,1,0,0,0,0,0,0,0,1,0,0,0,0,0,1,0,0,0,1,0,0,0,0,0,0,0,7,14,5,2,10,6
2017,nigeria,https://gadebate.un.org/sites/default/files/gastatements/72/ng_en.pdf,1454,0,0,0,0,0,0,0,0,0,0,0,0,0,0,0,0,0,0,1,0,0,0,0,0,0,0,0,0,0,0,3,3,8,4,0,2,3
2017,norway,https://gadebate.un.org/sites/default/files/gastatements/72/no_en.pdf,1630,0,0,0,0,0,0,0,0,0,0,0,0,0,0,0,0,0,0,0,0,0,0,0,0,0,0,0,0,0,0,3,17,10,7,0,7,4
2017,pakistan,https://gadebate.un.org/sites/default/files/gastatements/72/pk_en.pdf,2230,0,0,0,0,0,0,0,0,0,0,0,0,0,0,0,0,0,0,0,0,0,0,0,0,0,0,0,0,0,0,5,12,12,10,2,1,10
2017,palau,https://gadebate.un.org/sites/default/files/gastatements/72/pw_en.pdf,1626,0,0,0,0,0,0,0,0,0,0,0,0,0,0,0,0,0,0,0,0,0,0,0,0,0,0,0,0,0,0,1,8,7,7,0,12,6
2017,papua-new-guinea,https://gadebate.un.org/sites/default/files/gastatements/72/pg_en.pdf,1639,0,0,0,0,0,0,0,1,0,0,0,0,1,0,0,0,0,0,0,0,0,0,0,0,0,0,0,0,0,0,0,6,4,0,1,10,14
2017,philippines,https://gadebate.un.org/sites/default/files/gastatements/72/ph_en.pdf,3142,0,0,0,0,0,0,0,0,0,0,0,0,0,0,0,0,0,0,0,0,0,0,0,0,0,0,0,0,0,6,10,8,5,11,1,0,25
2017,poland,https://gadebate.un.org/sites/default/files/gastatements/72/pl_en.pdf,2323,0,0,0,0,0,0,0,0,0,0,0,0,0,0,0,0,0,0,0,0,0,0,0,0,0,0,0,0,0,3,4,14,19,7,1,4,4
2017,portugal,https://gadebate.un.org/sites/default/files/gastatements/72/pt_en.pdf,1871,0,0,0,0,0,1,0,0,0,0,0,0,0,0,0,0,0,0,1,0,0,0,0,0,0,0,0,0,0,1,7,8,9,13,1,5,6
2017,republic-korea,https://gadebate.un.org/sites/default/files/gastatements/72/kr_en.pdf,2501,0,0,0,0,0,1,0,0,0,0,0,0,0,0,0,0,0,0,0,0,0,0,0,0,0,0,0,0,0,1,5,1,8,25,3,4,18
2017,republic-moldova,https://gadebate.un.org/sites/default/files/gastatements/72/md_en.pdf,1686,0,0,0,0,0,0,0,0,0,0,0,0,0,0,0,0,0,1,0,0,0,0,0,0,0,0,0,0,0,2,0,9,8,6,1,5,2
2017,romania,https://gadebate.un.org/sites/default/files/gastatements/72/ro_en.pdf,1255,0,0,0,0,0,0,0,0,0,0,0,0,0,1,0,0,0,0,0,0,0,0,0,0,0,0,1,0,0,0,3,7,9,8,0,6,4
2017,russian-federation,https://gadebate.un.org/sites/default/files/gastatements/72/ru_en.pdf,2685,0,0,0,0,0,0,0,0,0,0,0,0,0,0,0,0,0,0,0,0,0,0,0,0,0,0,0,0,0,2,1,2,14,4,6,4,5
2017,rwanda,https://gadebate.un.org/sites/default/files/gastatements/72/rw_en.pdf,544,0,0,0,0,0,0,0,0,0,0,0,0,0,0,0,0,0,0,0,0,0,0,0,0,0,0,0,0,0,0,0,3,0,1,0,1,2
2017,saint-kitts-and-nevis,https://gadebate.un.org/sites/default/files/gastatements/72/kn_en.pdf,2671,0,1,0,0,1,0,0,0,0,0,0,0,0,0,0,0,0,0,0,0,0,0,0,0,0,0,0,0,1,0,0,4,2,9,1,4,22
2017,saint-lucia,https://gadebate.un.org/sites/default/files/gastatements/72/lc_en.pdf,2015,0,0,0,0,0,0,1,0,0,0,0,0,1,0,0,0,0,0,0,0,0,0,0,0,0,0,0,0,0,0,2,6,2,2,0,5,13
2017,saint-vincent-and-grenadines,https://gadebate.un.org/sites/default/files/gastatements/72/vc_en.pdf,2344,0,0,0,0,0,0,0,0,0,0,0,0,1,0,0,0,0,0,0,0,0,0,0,0,0,0,0,0,0,5,4,6,2,6,0,2,11
2017,samoa,https://gadebate.un.org/sites/default/files/gastatements/72/ws_en.pdf,2494,0,1,0,0,0,0,0,0,0,0,0,0,0,0,1,0,0,0,1,1,0,0,0,0,0,0,0,0,0,1,3,8,11,5,1,10,11
2017,san-marino,https://gadebate.un.org/sites/default/files/gastatements/72/sm_en.pdf,2335,0,0,0,0,0,0,0,0,0,0,0,0,1,1,0,1,0,0,0,0,0,0,0,0,0,0,0,0,0,0,2,10,6,11,1,10,9
2017,sao-tome-and-principe,https://gadebate.un.org/sites/default/files/gastatements/72/st_en.pdf,2283,0,0,0,0,0,0,0,0,0,0,0,0,0,0,0,0,0,0,1,0,0,0,0,0,0,0,0,0,0,0,1,14,3,7,5,7,10
2017,serbia,https://gadebate.un.org/sites/default/files/gastatements/72/rs_en.pdf,2032,0,0,0,0,0,0,0,0,2,0,0,0,0,0,0,0,0,0,0,0,0,0,0,0,0,0,3,0,0,3,1,0,0,7,3,1,11
2017,seychelles,https://gadebate.un.org/sites/default/files/gastatements/72/sc_en.pdf,1371,0,0,0,0,0,0,0,0,0,0,0,1,0,0,0,0,0,0,0,0,0,0,0,0,0,0,0,0,0,0,0,10,1,3,1,2,6
2017,sierra-leone,https://gadebate.un.org/sites/default/files/gastatements/72/sl_en.pdf,2315,0,0,1,0,0,0,0,0,1,0,2,0,1,1,1,0,0,0,0,0,0,0,0,0,0,0,0,0,0,0,2,14,10,13,1,4,5
2017,singapore,https://gadebate.un.org/sites/default/files/gastatements/72/sg_en.pdf,1442,1,0,1,0,0,1,0,0,0,0,0,0,0,0,0,0,0,0,0,0,0,0,0,0,0,0,0,0,0,0,2,5,4,3,0,4,3
2017,slovakia,https://gadebate.un.org/sites/default/files/gastatements/72/sk_en.pdf,1525,0,0,0,0,0,0,0,0,0,0,0,0,0,0,0,0,0,0,0,0,0,0,0,0,0,0,0,0,0,2,0,2,5,8,1,0,15
2017,slovenia,https://gadebate.un.org/sites/default/files/gastatements/72/si_en.pdf,1439,0,0,0,0,0,0,0,0,1,0,0,0,0,1,0,1,0,0,0,0,0,0,0,0,0,0,0,0,0,0,2,4,7,6,1,3,2
2017,solomon-islands,https://gadebate.un.org/sites/default/files/gastatements/72/sb_en.pdf,3074,0,0,1,0,0,0,0,0,0,0,0,0,0,0,0,0,0,0,1,0,0,0,0,0,0,0,0,0,0,0,3,7,8,10,3,8,30
2017,somalia,https://gadebate.un.org/sites/default/files/gastatements/72/so_en.pdf,1734,0,0,0,0,0,0,0,1,0,0,0,0,0,0,0,0,0,0,0,0,0,0,0,0,0,0,0,0,0,1,0,4,3,7,0,3,11
2017,south-africa,https://gadebate.un.org/sites/default/files/gastatements/72/za_en.pdf,1763,0,0,1,0,0,0,1,0,0,0,0,0,0,0,0,0,0,0,0,0,0,0,0,0,0,0,0,0,0,0,3,6,7,9,1,7,10
2017,south-sudan,https://gadebate.un.org/sites/default/files/gastatements/72/ss_en.pdf,2366,0,0,0,1,0,0,0,0,2,0,0,0,0,0,0,0,0,0,0,0,0,0,0,0,0,0,0,0,1,0,1,7,9,28,10,10,6
2017,suriname,https://gadebate.un.org/sites/default/files/gastatements/72/sr_en.pdf,2858,0,0,0,0,0,0,0,0,0,0,0,0,0,0,0,0,0,0,2,0,0,0,0,0,0,0,1,0,0,3,4,18,0,11,9,5,9
2017,sweden,https://gadebate.un.org/sites/default/files/gastatements/72/se_en.pdf,2203,0,0,0,0,0,0,0,0,0,0,0,0,0,0,0,0,0,0,1,0,0,0,0,0,0,0,0,0,0,0,2,9,9,23,2,8,4
2017,switzerland,https://gadebate.un.org/sites/default/files/gastatements/72/ch_en.pdf,1089,0,0,0,0,0,0,0,0,0,0,0,0,0,0,0,0,0,0,0,0,0,0,0,0,0,0,0,0,0,0,0,4,3,4,4,3,4
2017,tajikistan,https://gadebate.un.org/sites/default/files/gastatements/72/tj_en.pdf,1936,0,0,0,0,0,0,0,0,0,0,0,0,0,0,0,0,0,0,0,0,0,0,0,0,0,0,0,0,0,0,4,20,6,5,0,5,6
2017,thailand,https://gadebate.un.org/sites/default/files/gastatements/72/th_en.pdf,1527,0,0,0,0,0,2,0,0,1,0,2,0,0,0,0,0,0,0,0,0,0,0,0,0,0,0,0,0,0,0,2,11,1,4,0,3,23
2017,timor-leste,https://gadebate.un.org/sites/default/files/gastatements/72/tl_en.pdf,3184,0,0,0,0,0,0,0,0,0,0,0,0,0,0,0,0,0,0,0,0,0,0,0,0,0,0,0,0,0,0,10,28,5,6,7,6,24
2017,tonga,https://gadebate.un.org/sites/default/files/gastatements/72/to_en.pdf,1670,0,0,0,0,0,0,0,0,0,0,0,0,0,0,0,0,0,0,1,0,0,0,0,0,0,0,0,0,0,0,3,18,6,4,0,7,7
2017,trinidad-and-tobago,https://gadebate.un.org/sites/default/files/gastatements/72/tt_en.pdf,1831,0,0,0,0,0,0,0,0,1,0,0,0,0,0,0,0,0,0,0,0,0,0,0,1,0,0,0,0,1,0,1,16,2,2,2,4,5
2017,turkiye,https://gadebate.un.org/sites/default/files/gastatements/72/tr_en.pdf,2617,0,0,0,0,0,0,0,0,0,0,0,0,0,0,0,0,0,0,1,0,0,0,0,0,0,0,0,0,0,0,5,3,5,10,0,5,14
2017,tuvalu,https://gadebate.un.org/sites/default/files/gastatements/72/tv_en.pdf,2720,0,0,0,0,0,0,0,0,0,0,0,0,0,0,0,0,0,0,1,0,0,1,0,0,0,0,0,0,0,1,0,19,15,11,1,9,23
2017,uganda,https://gadebate.un.org/sites/default/files/gastatements/72/ug_en.pdf,702,0,0,0,0,0,0,0,0,0,0,0,0,0,0,0,0,0,0,0,0,0,0,0,0,0,0,0,0,0,0,0,0,0,4,0,1,5
2017,ukraine,https://gadebate.un.org/sites/default/files/gastatements/72/ua_en.pdf,2478,0,0,0,0,0,0,0,0,0,0,0,0,0,2,0,0,0,0,0,0,0,0,0,0,0,0,0,0,0,4,0,7,15,10,0,7,6
2017,united-republic-tanzania,https://gadebate.un.org/sites/default/files/gastatements/72/tz_en.pdf,2041,0,0,1,0,0,0,0,0,0,0,0,0,0,0,0,0,0,0,0,0,0,0,0,0,0,0,0,1,0,0,2,8,16,16,1,10,6
2017,united-states-america,https://gadebate.un.org/sites/default/files/gastatements/72/us_en.pdf,4519,0,0,0,0,0,0,0,0,0,0,0,0,1,0,0,0,0,0,0,0,0,0,0,0,0,0,0,0,0,10,2,0,10,10,0,11,50
2017,uzbekistan,https://gadebate.un.org/sites/default/files/gastatements/72/uz_en.pdf,1947,0,0,0,0,0,0,0,0,0,0,0,0,1,0,0,0,0,0,0,0,0,0,0,0,0,0,0,0,0,0,6,8,5,6,5,6,13
2017,viet-nam,https://gadebate.un.org/sites/default/files/gastatements/72/vn_en.pdf,1455,0,0,0,0,0,0,0,0,0,0,0,0,1,0,0,0,0,0,0,0,0,0,0,0,0,0,0,0,0,1,4,10,5,13,0,1,4
2017,zambia,https://gadebate.un.org/sites/default/files/gastatements/72/zm_en.pdf,1829,0,0,0,0,0,2,0,0,0,0,0,0,0,0,0,0,0,0,0,0,0,0,0,0,0,0,0,0,0,0,1,13,11,8,1,2,4
2017,zimbabwe,https://gadebate.un.org/sites/default/files/gastatements/72/zw_en.pdf,1256,0,0,0,0,0,0,0,0,0,0,1,0,0,0,0,0,0,0,0,0,0,1,0,0,0,0,0,1,0,1,5,10,8,10,0,2,4
2018,afghanistan,https://gadebate.un.org/sites/default/files/gastatements/73/af_en.pdf,1830,0,0,0,0,0,0,0,1,0,0,0,0,0,0,0,1,0,0,0,0,0,0,0,0,0,0,0,0,0,1,1,0,7,7,4,1,9
2018,albania,https://gadebate.un.org/sites/default/files/gastatements/73/al_en.pdf,2040,0,0,0,0,0,0,0,0,0,0,0,0,1,0,0,0,0,0,0,0,0,0,0,0,0,0,1,0,0,0,4,8,5,2,1,1,7
2018,angola,https://gadebate.un.org/sites/default/files/gastatements/73/ao_en.pdf,1756,0,0,0,0,0,0,0,0,0,0,0,0,0,0,0,0,0,0,0,0,0,0,0,0,0,0,0,0,0,0,2,13,10,16,4,5,6
2018,antigua-and-barbuda,https://gadebate.un.org/sites/default/files/gastatements/73/ag_en.pdf,2143,0,0,0,0,0,0,0,0,0,0,0,0,0,0,0,0,0,0,0,0,0,0,0,0,0,0,0,0,0,0,0,3,0,2,0,0,12
2018,armenia,https://gadebate.un.org/sites/default/files/gastatements/73/am_en.pdf,1762,0,0,0,0,0,0,0,0,0,0,0,0,0,0,0,0,0,1,0,0,0,0,0,0,0,0,0,0,0,0,2,2,1,2,0,1,14
2018,australia,https://gadebate.un.org/sites/default/files/gastatements/73/au_en.pdf,1586,0,0,0,0,0,0,0,0,0,0,0,0,0,0,0,0,0,0,0,0,0,0,0,0,0,0,0,0,0,0,1,5,9,3,0,15,6
2018,azerbaijan,https://gadebate.un.org/sites/default/files/gastatements/73/az_en.pdf,1764,0,0,0,0,0,0,0,0,0,0,0,0,0,0,0,0,0,0,0,0,0,0,0,0,0,0,0,0,0,0,3,6,8,1,3,3,6
2018,bahamas,https://gadebate.un.org/sites/default/files/gastatements/73/bs_en.pdf,2237,0,0,0,0,0,0,0,1,0,0,0,0,0,0,0,0,0,0,1,0,0,0,0,0,0,0,0,1,0,0,0,12,3,2,1,6,8
2018,bangladesh,https://gadebate.un.org/sites/default/files/gastatements/73/bd_en.pdf,1656,0,0,0,0,0,0,0,0,0,0,1,0,0,0,0,0,0,0,1,1,0,0,0,0,0,0,0,0,0,0,0,5,1,10,0,3,10
2018,barbados,https://gadebate.un.org/sites/default/files/gastatements/73/bb_en.pdf,2598,0,2,0,0,0,0,0,0,0,0,0,0,0,0,0,0,0,0,0,0,0,0,0,0,0,0,0,0,0,0,4,23,7,13,2,10,15
2018,belize,https://gadebate.un.org/sites/default/files/gastatements/73/bz_en.pdf,2415,0,0,0,0,0,2,0,0,0,0,0,0,0,0,0,0,0,0,1,0,0,0,0,0,0,0,0,0,0,1,7,16,4,5,1,12,12
2018,bhutan,https://gadebate.un.org/sites/default/files/gastatements/73/bt_en.pdf,1751,0,0,0,0,0,0,0,0,1,0,1,0,0,0,0,0,0,0,0,0,0,0,0,0,0,0,0,0,0,0,1,3,8,8,0,5,8
2018,bosnia-and-herzegovina,https://gadebate.un.org/sites/default/files/gastatements/73/ba_en.pdf,2473,0,0,0,0,0,0,0,0,0,0,0,0,0,0,0,0,0,0,0,0,0,0,0,0,0,0,0,0,0,0,4,4,8,8,2,3,12
2018,botswana,https://gadebate.un.org/sites/default/files/gastatements/73/bw_en.pdf,2479,0,0,1,0,0,0,0,0,1,0,0,0,0,0,0,0,0,0,1,0,0,0,0,0,0,0,0,0,0,1,1,23,5,11,0,7,21
2018,brazil,https://gadebate.un.org/sites/default/files/gastatements/73/br_en.pdf,1897,0,0,0,0,0,0,0,0,0,0,0,0,0,0,0,0,0,0,0,0,0,0,0,0,0,0,0,0,0,0,1,8,7,3,1,3,4
2018,brunei-darussalam,https://gadebate.un.org/sites/default/files/gastatements/73/bn_en.pdf,1424,0,0,0,0,0,0,0,0,1,0,0,0,0,0,0,0,0,0,0,0,0,0,0,0,0,0,0,0,0,0,1,11,4,8,1,1,11
2018,bulgaria,https://gadebate.un.org/sites/default/files/gastatements/73/bg_en.pdf,1672,0,0,0,0,0,0,0,0,0,0,0,0,0,0,0,0,0,0,0,0,0,0,0,0,0,0,0,0,0,1,0,9,9,15,2,6,2
2018,cambodia,https://gadebate.un.org/sites/default/files/gastatements/73/kh_en.pdf,1655,0,1,0,0,0,0,0,0,0,0,0,0,0,0,0,0,0,0,0,0,0,0,0,0,0,0,0,0,0,1,1,5,5,4,1,2,3
2018,croatia,https://gadebate.un.org/sites/default/files/gastatements/73/hr_en.pdf,2102,0,1,0,0,0,0,0,0,0,0,0,0,1,0,0,0,0,0,0,0,0,0,0,0,0,0,0,0,1,0,1,9,10,10,2,6,8
2018,cyprus,https://gadebate.un.org/sites/default/files/gastatements/73/cy_en.pdf,2280,0,2,0,0,0,0,0,0,0,0,0,0,0,1,0,0,0,0,0,0,0,0,0,0,0,0,0,0,0,1,2,5,12,6,3,4,4
2018,czech-republic,https://gadebate.un.org/sites/default/files/gastatements/73/cz_en.pdf,648,0,0,0,0,0,0,0,0,0,0,0,0,0,0,0,0,0,0,0,0,0,0,0,0,0,0,0,0,0,0,0,0,0,0,0,1,3
2018,democratic-peoples-republic-korea,https://gadebate.un.org/sites/default/files/gastatements/73/kp_en.pdf,2575,0,0,0,0,0,0,0,0,0,0,0,0,0,0,0,0,0,0,0,0,0,0,0,0,0,0,0,0,0,5,0,5,19,10,0,2,11
2018,denmark,https://gadebate.un.org/sites/default/files/gastatements/73/dk_en.pdf,1608,0,0,0,0,0,0,0,0,0,1,0,0,0,0,0,0,0,0,0,0,0,0,0,0,0,0,0,0,0,0,5,7,6,3,2,10,5
2018,dominica,https://gadebate.un.org/sites/default/files/gastatements/73/dm_en.pdf,1593,0,0,0,0,0,0,0,0,0,1,0,0,0,0,0,0,0,0,0,0,0,0,0,0,0,0,0,0,0,0,0,3,0,0,0,1,3
2018,egypt,https://gadebate.un.org/sites/default/files/gastatements/73/eg_en.pdf,2514,0,0,0,0,1,0,0,0,0,0,0,0,0,0,0,0,0,0,1,0,0,0,0,0,0,0,1,0,0,1,4,9,6,6,0,2,7
2018,eritrea,https://gadebate.un.org/sites/default/files/gastatements/73/er_en.pdf,1058,0,0,1,0,0,1,0,0,1,0,0,0,0,0,0,0,0,0,0,0,0,0,0,0,0,0,0,0,0,1,3,3,4,3,0,0,6
2018,estonia,https://gadebate.un.org/sites/default/files/gastatements/73/ee_en.pdf,1974,0,0,0,0,0,0,0,0,0,0,0,0,0,0,0,0,0,0,0,0,0,0,0,0,0,0,0,0,0,0,2,7,6,6,0,4,12
2018,eswatini,https://gadebate.un.org/sites/default/files/gastatements/73/sz_en.pdf,1799,0,0,0,1,0,0,1,0,0,0,2,0,0,0,0,0,0,0,0,0,0,0,0,0,0,0,0,0,0,0,1,16,2,5,0,6,7
2018,ethiopia,https://gadebate.un.org/sites/default/files/gastatements/73/et_en.pdf,1536,0,0,0,0,0,0,0,0,0,0,1,0,0,0,0,0,0,0,0,0,0,1,0,0,0,0,0,0,0,0,1,13,15,16,1,3,3
2018,european-union,https://gadebate.un.org/sites/default/files/gastatements/73/eu_en.pdf,1138,0,0,0,0,0,0,0,0,0,0,1,0,0,1,0,0,0,0,0,0,0,0,0,0,0,0,0,0,0,0,0,1,4,1,0,3,4
2018,fiji,https://gadebate.un.org/sites/default/files/gastatements/73/fj_en.pdf,3022,0,0,0,0,0,0,0,0,0,0,0,0,0,0,0,0,0,0,0,0,0,0,0,0,0,0,0,0,0,0,0,6,4,0,2,5,20
2018,finland,https://gadebate.un.org/sites/default/files/gastatements/73/fi_en.pdf,1195,0,0,0,0,0,0,0,0,0,0,0,0,0,0,0,0,0,0,0,0,0,0,0,0,0,0,0,0,0,0,0,2,6,6,0,4,4
2018,gambia-republic,https://gadebate.un.org/sites/default/files/gastatements/73/gm_en.pdf,1463,0,0,0,0,0,1,2,0,0,0,0,0,1,0,0,0,0,0,0,0,0,0,0,0,0,0,0,0,0,0,2,8,6,9,0,14,2
2018,georgia,https://gadebate.un.org/sites/default/files/gastatements/73/ge_en.pdf,1847,0,0,0,0,0,0,0,0,0,0,0,0,0,0,0,0,0,0,0,0,0,0,1,0,0,0,0,0,0,1,0,5,4,1,0,6,8
2018,ghana,https://gadebate.un.org/sites/default/files/gastatements/73/gh_en.pdf,1623,0,0,0,0,0,0,0,1,0,0,0,0,0,0,0,0,0,0,0,0,0,0,0,0,0,0,0,0,0,0,0,1,3,2,0,2,4
2018,greece,https://gadebate.un.org/sites/default/files/gastatements/73/gr_en.pdf,1675,0,0,0,0,0,1,0,0,0,0,0,0,0,0,0,0,0,0,0,0,0,0,0,0,0,0,0,0,0,1,9,0,9,5,3,7,2
2018,grenada,https://gadebate.un.org/sites/default/files/gastatements/73/gd_en.pdf,2050,0,0,1,0,0,0,0,1,0,0,0,0,0,1,0,0,0,0,1,0,0,0,0,0,0,0,0,0,0,1,1,3,2,2,3,4,11
2018,guinea-bissau,https://gadebate.un.org/sites/default/files/gastatements/73/gw_en.pdf,1760,0,0,0,0,0,0,0,0,0,0,0,0,1,0,0,0,0,0,0,0,0,0,0,0,0,0,0,0,0,0,1,3,10,7,0,3,10
2018,guyana,https://gadebate.un.org/sites/default/files/gastatements/73/gy_en.pdf,1203,0,0,0,0,0,0,0,0,0,0,0,0,0,0,0,0,0,0,0,0,0,0,0,0,0,0,1,0,0,0,0,4,1,10,0,1,12
2018,holy-see,https://gadebate.un.org/sites/default/files/gastatements/73/va_en.pdf,3489,0,0,0,0,0,0,0,0,0,0,0,0,1,0,0,0,0,0,0,0,0,0,0,0,0,0,0,0,0,0,2,9,2,14,1,2,24
2018,iceland,https://gadebate.un.org/sites/default/files/gastatements/73/is_en.pdf,1614,0,0,0,0,0,0,0,0,0,0,1,0,0,0,0,0,0,0,0,0,0,0,0,0,0,0,0,0,0,1,1,8,6,7,1,3,6
2018,india,https://gadebate.un.org/sites/default/files/gastatements/73/in_en.pdf,2373,0,0,0,0,0,0,0,0,0,0,0,0,0,0,0,0,0,0,0,0,1,0,0,0,0,0,0,0,0,0,0,4,7,10,3,2,7
2018,indonesia,https://gadebate.un.org/sites/default/files/gastatements/73/id_en.pdf,1359,0,0,0,0,0,1,0,0,0,0,0,0,0,1,1,0,0,0,0,0,0,0,0,0,0,0,0,0,0,0,3,13,3,20,2,5,7
2018,iran-islamic-republic,https://gadebate.un.org/sites/default/files/gastatements/73/ir_en.pdf,2010,0,0,0,0,1,0,0,0,0,0,0,0,0,1,0,0,0,0,1,0,0,0,0,0,0,0,0,0,1,0,5,4,8,11,4,3,15
2018,ireland,https://gadebate.un.org/sites/default/files/gastatements/73/ie_en.pdf,2871,0,0,1,2,0,0,0,0,0,0,0,0,0,0,0,0,0,0,0,0,0,0,0,0,0,0,0,0,0,0,3,8,12,12,0,6,17
2018,israel,https://gadebate.un.org/sites/default/files/gastatements/73/il_en.pdf,3545,0,1,0,0,0,0,0,0,0,0,0,0,0,0,0,0,0,0,0,0,0,0,0,0,0,0,0,0,0,0,0,0,3,7,0,3,19
2018,italy,https://gadebate.un.org/sites/default/files/gastatements/73/it_en.pdf,3566,0,0,0,0,0,2,0,0,0,0,0,0,1,1,0,0,0,0,0,0,0,0,0,0,0,0,0,0,0,1,4,10,17,14,4,17,6
2018,jamaica,https://gadebate.un.org/sites/default/files/gastatements/73/jm_en.pdf,2507,0,0,0,0,0,1,0,0,0,0,1,0,0,0,0,0,0,0,1,0,0,0,0,0,0,0,0,0,0,0,1,15,7,8,1,12,14
2018,japan,https://gadebate.un.org/sites/default/files/gastatements/73/jp_en.pdf,1294,0,0,0,0,0,0,0,0,0,0,0,0,0,0,0,0,0,0,0,0,0,0,0,0,0,0,0,0,0,0,0,1,0,1,7,0,2
2018,jordan,https://gadebate.un.org/sites/default/files/gastatements/73/jo_en.pdf,1445,0,1,1,0,0,0,0,0,0,0,0,0,0,0,0,1,0,0,0,0,0,0,0,0,0,0,0,0,0,0,1,0,3,7,0,2,13
2018,kiribati,https://gadebate.un.org/sites/default/files/gastatements/73/ki_en.pdf,2204,0,1,1,0,0,0,0,0,1,0,1,0,1,0,0,0,0,0,0,0,0,0,0,0,0,0,0,0,0,0,1,9,0,5,0,7,25
2018,latvia,https://gadebate.un.org/sites/default/files/gastatements/73/lv_en.pdf,1752,0,1,0,0,0,1,0,0,0,0,0,0,0,0,0,0,0,0,0,0,0,0,0,0,0,0,0,0,0,1,2,9,13,10,1,9,8
2018,lesotho,https://gadebate.un.org/sites/default/files/gastatements/73/ls_en.pdf,2563,0,1,1,1,0,0,1,0,1,1,0,0,0,0,0,0,0,0,0,0,0,0,0,0,0,0,0,0,0,1,1,12,8,9,0,6,7
2018,liberia,https://gadebate.un.org/sites/default/files/gastatements/73/lr_en.pdf,1541,0,1,0,0,0,0,0,0,1,0,0,0,0,1,0,0,0,0,0,0,0,0,0,0,0,0,0,0,0,0,1,8,5,8,0,4,4
2018,liechtenstein,https://gadebate.un.org/sites/default/files/gastatements/73/li_en.pdf,1617,0,0,0,0,0,0,0,0,0,0,0,0,0,0,0,0,0,0,0,0,0,0,0,0,0,0,0,0,0,0,0,2,3,2,0,2,8
2018,lithuania,https://gadebate.un.org/sites/default/files/gastatements/73/lt_en.pdf,527,0,0,0,0,0,0,0,0,0,0,0,0,0,0,0,0,0,0,0,0,0,0,0,0,0,0,0,0,0,0,0,0,1,1,0,0,2
2018,malawi,https://gadebate.un.org/sites/default/files/gastatements/73/mw_en.pdf,1498,0,0,0,0,0,1,0,0,0,0,0,0,0,0,0,0,0,0,0,0,0,0,0,0,0,0,0,0,0,0,0,6,1,9,0,3,18
2018,malaysia,https://gadebate.un.org/sites/default/files/gastatements/73/my_en.pdf,1652,0,0,1,1,0,0,1,0,0,0,0,0,0,0,0,0,0,0,0,0,0,0,0,0,0,0,0,0,0,0,2,10,6,6,1,6,6
2018,malta,https://gadebate.un.org/sites/default/files/gastatements/73/mt_en.pdf,1195,0,0,0,0,0,0,0,1,0,0,0,0,0,0,0,0,0,0,0,0,0,0,0,0,0,0,0,0,1,0,0,5,1,5,0,3,4
2018,marshall-islands,https://gadebate.un.org/sites/default/files/gastatements/73/mh_en.pdf,2034,0,0,0,0,0,0,0,1,0,0,0,0,0,0,0,0,0,0,0,0,0,0,0,0,0,0,0,0,0,0,1,0,7,2,0,3,7
2018,mauritius,https://gadebate.un.org/sites/default/files/gastatements/73/mu_en.pdf,1994,0,0,0,0,0,0,0,1,0,0,1,0,0,0,0,0,0,0,0,0,0,0,0,0,0,0,0,0,0,1,0,10,11,2,2,7,9
2018,micronesia-federated-states,https://gadebate.un.org/sites/default/files/gastatements/73/fm_en.pdf,1573,0,0,1,0,0,0,0,0,0,0,0,0,0,0,0,0,0,0,0,0,0,0,0,0,0,0,0,0,0,0,3,5,8,6,0,5,8
2018,montenegro,https://gadebate.un.org/sites/default/files/gastatements/73/me_en.pdf,1293,0,0,0,0,0,0,0,0,0,0,0,0,0,0,0,0,0,0,0,0,0,0,0,0,0,0,0,0,0,0,8,5,5,9,2,4,0
2018,mozambique,https://gadebate.un.org/sites/default/files/gastatements/73/mz_en.pdf,2630,0,0,0,0,0,3,0,0,0,0,0,0,0,1,0,0,0,0,0,0,0,0,0,0,0,0,1,0,0,2,2,24,9,18,6,4,19
2018,myanmar,https://gadebate.un.org/sites/default/files/gastatements/73/mm_en.pdf,1866,0,1,0,0,0,0,0,0,0,0,0,0,1,0,0,0,0,0,0,0,0,0,0,0,0,0,0,0,0,0,2,1,6,15,0,2,6
2018,namibia,https://gadebate.un.org/sites/default/files/gastatements/73/na_en.pdf,1596,0,0,0,0,0,0,0,0,1,0,0,0,1,0,0,0,0,0,0,0,0,0,0,0,0,0,0,0,0,0,2,8,7,20,1,6,15
2018,nauru,https://gadebate.un.org/sites/default/files/gastatements/73/nr_en.pdf,1769,0,0,0,0,0,0,0,0,0,0,0,0,0,1,0,0,0,0,0,0,0,0,0,0,0,0,0,0,0,0,5,8,4,3,1,7,13
2018,nepal,https://gadebate.un.org/sites/default/files/gastatements/73/np_en.pdf,2362,0,0,0,0,0,0,0,0,1,0,0,0,2,0,0,0,0,0,0,0,0,0,0,0,0,0,0,0,0,0,4,15,11,15,2,7,6
2018,netherlands,https://gadebate.un.org/sites/default/files/gastatements/73/nl_en.pdf,1932,0,0,0,0,0,3,0,0,0,0,0,0,0,0,0,1,0,0,0,0,0,0,0,0,0,0,0,0,0,0,7,7,6,4,0,1,8
2018,new-zealand,https://gadebate.un.org/sites/default/files/gastatements/73/nz_en.pdf,1719,0,0,0,0,0,1,0,0,0,0,0,0,0,1,0,0,0,0,0,1,0,0,0,1,0,0,0,0,0,0,0,7,14,5,2,10,6
2018,nigeria,https://gadebate.un.org/sites/default/files/gastatements/73/ng_en.pdf,1454,0,0,0,0,0,0,0,0,0,0,0,0,0,0,0,0,0,0,1,0,0,0,0,0,0,0,0,0,0,0,3,3,8,4,0,2,3
2018,norway,https://gadebate.un.org/sites/default/files/gastatements/73/no_en.pdf,1630,0,0,0,0,0,0,0,0,0,0,0,0,0,0,0,0,0,0,0,0,0,0,0,0,0,0,0,0,0,0,3,17,10,7,0,7,4
2018,pakistan,https://gadebate.un.org/sites/default/files/gastatements/73/pk_en.pdf,2230,0,0,0,0,0,0,0,0,0,0,0,0,0,0,0,0,0,0,0,0,0,0,0,0,0,0,0,0,0,0,5,12,12,10,2,1,10
2018,palau,https://gadebate.un.org/sites/default/files/gastatements/73/pw_en.pdf,1626,0,0,0,0,0,0,0,0,0,0,0,0,0,0,0,0,0,0,0,0,0,0,0,0,0,0,0,0,0,0,1,8,7,7,0,12,6
2018,papua-new-guinea,https://gadebate.un.org/sites/default/files/gastatements/73/pg_en.pdf,1639,0,0,0,0,0,0,0,1,0,0,0,0,1,0,0,0,0,0,0,0,0,0,0,0,0,0,0,0,0,0,0,6,4,0,1,10,14
2018,philippines,https://gadebate.un.org/sites/default/files/gastatements/73/ph_en.pdf,3142,0,0,0,0,0,0,0,0,0,0,0,0,0,0,0,0,0,0,0,0,0,0,0,0,0,0,0,0,0,6,10,8,5,11,1,0,25
2018,poland,https://gadebate.un.org/sites/default/files/gastatements/73/pl_en.pdf,2323,0,0,0,0,0,0,0,0,0,0,0,0,0,0,0,0,0,0,0,0,0,0,0,0,0,0,0,0,0,3,4,14,19,7,1,4,4
2018,republic-korea,https://gadebate.un.org/sites/default/files/gastatements/73/kr_2_en.pdf,2009,0,0,0,0,0,0,0,0,1,0,0,0,0,0,0,0,0,0,0,0,0,0,0,0,0,0,0,0,0,0,7,8,2,33,1,6,4
2018,republic-moldova,https://gadebate.un.org/sites/default/files/gastatements/73/md_en.pdf,1686,0,0,0,0,0,0,0,0,0,0,0,0,0,0,0,0,0,1,0,0,0,0,0,0,0,0,0,0,0,2,0,9,8,6,1,5,2
2018,romania,https://gadebate.un.org/sites/default/files/gastatements/73/ro_en.pdf,1255,0,0,0,0,0,0,0,0,0,0,0,0,0,1,0,0,0,0,0,0,0,0,0,0,0,0,1,0,0,0,3,7,9,8,0,6,4
2018,rwanda,https://gadebate.un.org/sites/default/files/gastatements/73/rw_en.pdf,544,0,0,0,0,0,0,0,0,0,0,0,0,0,0,0,0,0,0,0,0,0,0,0,0,0,0,0,0,0,0,0,3,0,1,0,1,2
2018,saint-kitts-and-nevis,https://gadebate.un.org/sites/default/files/gastatements/73/kn_en.pdf,2671,0,1,0,0,1,0,0,0,0,0,0,0,0,0,0,0,0,0,0,0,0,0,0,0,0,0,0,0,1,0,0,4,2,9,1,4,22
2018,saint-lucia,https://gadebate.un.org/sites/default/files/gastatements/73/lc_en.pdf,2015,0,0,0,0,0,0,1,0,0,0,0,0,1,0,0,0,0,0,0,0,0,0,0,0,0,0,0,0,0,0,2,6,2,2,0,5,13
2018,saint-vincent-and-grenadines,https://gadebate.un.org/sites/default/files/gastatements/73/vc_en.pdf,2344,0,0,0,0,0,0,0,0,0,0,0,0,1,0,0,0,0,0,0,0,0,0,0,0,0,0,0,0,0,5,4,6,2,6,0,2,11
2018,samoa,https://gadebate.un.org/sites/default/files/gastatements/73/ws_en.pdf,2494,0,1,0,0,0,0,0,0,0,0,0,0,0,0,1,0,0,0,1,1,0,0,0,0,0,0,0,0,0,1,3,8,11,5,1,10,11
2018,san-marino,https://gadebate.un.org/sites/default/files/gastatements/73/sm_en.pdf,2335,0,0,0,0,0,0,0,0,0,0,0,0,1,1,0,1,0,0,0,0,0,0,0,0,0,0,0,0,0,0,2,10,6,11,1,10,9
2018,sao-tome-and-principe,https://gadebate.un.org/sites/default/files/gastatements/73/st_en.pdf,2283,0,0,0,0,0,0,0,0,0,0,0,0,0,0,0,0,0,0,1,0,0,0,0,0,0,0,0,0,0,0,1,14,3,7,5,7,10
2018,serbia,https://gadebate.un.org/sites/default/files/gastatements/73/rs_en.pdf,2032,0,0,0,0,0,0,0,0,2,0,0,0,0,0,0,0,0,0,0,0,0,0,0,0,0,0,3,0,0,3,1,0,0,7,3,1,11
2018,seychelles,https://gadebate.un.org/sites/default/files/gastatements/73/sc_en.pdf,1371,0,0,0,0,0,0,0,0,0,0,0,1,0,0,0,0,0,0,0,0,0,0,0,0,0,0,0,0,0,0,0,10,1,3,1,2,6
2018,sierra-leone,https://gadebate.un.org/sites/default/files/gastatements/73/sl_en.pdf,2315,0,0,1,0,0,0,0,0,1,0,2,0,1,1,1,0,0,0,0,0,0,0,0,0,0,0,0,0,0,0,2,14,10,13,1,4,5
2018,singapore,https://gadebate.un.org/sites/default/files/gastatements/73/sg_en.pdf,1442,1,0,1,0,0,1,0,0,0,0,0,0,0,0,0,0,0,0,0,0,0,0,0,0,0,0,0,0,0,0,2,5,4,3,0,4,3
2018,slovakia,https://gadebate.un.org/sites/default/files/gastatements/73/sk_en.pdf,1525,0,0,0,0,0,0,0,0,0,0,0,0,0,0,0,0,0,0,0,0,0,0,0,0,0,0,0,0,0,2,0,2,5,8,1,0,15
2018,slovenia,https://gadebate.un.org/sites/default/files/gastatements/73/si_en.pdf,1439,0,0,0,0,0,0,0,0,1,0,0,0,0,1,0,1,0,0,0,0,0,0,0,0,0,0,0,0,0,0,2,4,7,6,1,3,2
2018,solomon-islands,https://gadebate.un.org/sites/default/files/gastatements/73/sb_en.pdf,3074,0,0,1,0,0,0,0,0,0,0,0,0,0,0,0,0,0,0,1,0,0,0,0,0,0,0,0,0,0,0,3,7,8,10,3,8,30
2018,somalia,https://gadebate.un.org/sites/default/files/gastatements/73/so_en.pdf,1734,0,0,0,0,0,0,0,1,0,0,0,0,0,0,0,0,0,0,0,0,0,0,0,0,0,0,0,0,0,1,0,4,3,7,0,3,11
2018,south-africa,https://gadebate.un.org/sites/default/files/gastatements/73/za_en.pdf,1763,0,0,1,0,0,0,1,0,0,0,0,0,0,0,0,0,0,0,0,0,0,0,0,0,0,0,0,0,0,0,3,6,7,9,1,7,10
2018,south-sudan,https://gadebate.un.org/sites/default/files/gastatements/73/ss_en.pdf,2366,0,0,0,1,0,0,0,0,2,0,0,0,0,0,0,0,0,0,0,0,0,0,0,0,0,0,0,0,1,0,1,7,9,28,10,10,6
2018,sri-lanka,https://gadebate.un.org/sites/default/files/gastatements/73/lk_en.pdf,1351,0,0,0,0,0,1,0,0,0,0,0,0,0,0,0,0,0,0,0,0,0,0,0,0,0,0,1,0,0,1,0,2,3,3,0,6,11
2018,suriname,https://gadebate.un.org/sites/default/files/gastatements/73/sr_en.pdf,2858,0,0,0,0,0,0,0,0,0,0,0,0,0,0,0,0,0,0,2,0,0,0,0,0,0,0,1,0,0,3,4,18,0,11,9,5,9
2018,sweden,https://gadebate.un.org/sites/default/files/gastatements/73/se_en.pdf,2203,0,0,0,0,0,0,0,0,0,0,0,0,0,0,0,0,0,0,1,0,0,0,0,0,0,0,0,0,0,0,2,9,9,23,2,8,4
2018,tajikistan,https://gadebate.un.org/sites/default/files/gastatements/73/tj_en.pdf,1936,0,0,0,0,0,0,0,0,0,0,0,0,0,0,0,0,0,0,0,0,0,0,0,0,0,0,0,0,0,0,4,20,6,5,0,5,6
2018,thailand,https://gadebate.un.org/sites/default/files/gastatements/73/th_en.pdf,1527,0,0,0,0,0,2,0,0,1,0,2,0,0,0,0,0,0,0,0,0,0,0,0,0,0,0,0,0,0,0,2,11,1,4,0,3,23
2018,timor-leste,https://gadebate.un.org/sites/default/files/gastatements/73/tl_en.pdf,3184,0,0,0,0,0,0,0,0,0,0,0,0,0,0,0,0,0,0,0,0,0,0,0,0,0,0,0,0,0,0,10,28,5,6,7,6,24
2018,tonga,https://gadebate.un.org/sites/default/files/gastatements/73/to_en.pdf,1670,0,0,0,0,0,0,0,0,0,0,0,0,0,0,0,0,0,0,1,0,0,0,0,0,0,0,0,0,0,0,3,18,6,4,0,7,7
2018,trinidad-and-tobago,https://gadebate.un.org/sites/default/files/gastatements/73/tt_en.pdf,1831,0,0,0,0,0,0,0,0,1,0,0,0,0,0,0,0,0,0,0,0,0,0,0,1,0,0,0,0,1,0,1,16,2,2,2,4,5
2018,turkmenistan,https://gadebate.un.org/sites/default/files/gastatements/73/tm_en.pdf,1276,0,0,2,0,0,0,0,0,2,0,0,0,0,0,0,0,0,0,0,0,0,0,0,0,0,0,0,0,0,0,7,8,6,1,1,4,3
2018,tuvalu,https://gadebate.un.org/sites/default/files/gastatements/73/tv_en.pdf,2720,0,0,0,0,0,0,0,0,0,0,0,0,0,0,0,0,0,0,1,0,0,1,0,0,0,0,0,0,0,1,0,19,15,11,1,9,23
2018,uganda,https://gadebate.un.org/sites/default/files/gastatements/73/ug_en.pdf,702,0,0,0,0,0,0,0,0,0,0,0,0,0,0,0,0,0,0,0,0,0,0,0,0,0,0,0,0,0,0,0,0,0,4,0,1,5
2018,ukraine,https://gadebate.un.org/sites/default/files/gastatements/73/ua_en.pdf,2478,0,0,0,0,0,0,0,0,0,0,0,0,0,2,0,0,0,0,0,0,0,0,0,0,0,0,0,0,0,4,0,7,15,10,0,7,6
2018,united-republic-tanzania,https://gadebate.un.org/sites/default/files/gastatements/73/tz_en.pdf,2041,0,0,1,0,0,0,0,0,0,0,0,0,0,0,0,0,0,0,0,0,0,0,0,0,0,0,0,1,0,0,2,8,16,16,1,10,6
2018,united-states-america,https://gadebate.un.org/sites/default/files/gastatements/73/us_en.pdf,4519,0,0,0,0,0,0,0,0,0,0,0,0,1,0,0,0,0,0,0,0,0,0,0,0,0,0,0,0,0,10,2,0,10,10,0,11,50
2018,viet-nam,https://gadebate.un.org/sites/default/files/gastatements/73/vn_en.pdf,1455,0,0,0,0,0,0,0,0,0,0,0,0,1,0,0,0,0,0,0,0,0,0,0,0,0,0,0,0,0,1,4,10,5,13,0,1,4
2018,zambia,https://gadebate.un.org/sites/default/files/gastatements/73/zm_en.pdf,1829,0,0,0,0,0,2,0,0,0,0,0,0,0,0,0,0,0,0,0,0,0,0,0,0,0,0,0,0,0,0,1,13,11,8,1,2,4
2018,zimbabwe,https://gadebate.un.org/sites/default/files/gastatements/73/zw_en.pdf,1256,0,0,0,0,0,0,0,0,0,0,1,0,0,0,0,0,0,0,0,0,0,1,0,0,0,0,0,1,0,1,5,10,8,10,0,2,4
2021,albania,https://gadebate.un.org/sites/default/files/gastatements/76/al_en.pdf,1654,0,1,0,0,0,0,0,0,0,0,0,0,1,0,0,0,0,0,0,0,0,0,0,0,0,0,0,0,0,0,5,2,5,8,3,3,5
2021,antigua-and-barbuda,https://gadebate.un.org/sites/default/files/gastatements/76/ag_en.pdf,1994,0,0,0,0,0,0,0,0,0,0,0,0,0,0,0,0,0,0,0,0,0,0,0,0,0,0,0,0,0,0,1,1,1,2,0,1,8
2021,armenia,https://gadebate.un.org/sites/default/files/gastatements/76/am_en.pdf,1306,0,0,0,0,0,0,0,0,0,0,0,0,0,0,0,0,0,0,0,0,0,0,0,0,0,0,0,0,0,0,1,5,2,7,3,0,6
2021,australia,https://gadebate.un.org/sites/default/files/gastatements/76/au_en.pdf,2080,0,0,0,0,1,1,0,0,0,0,0,0,0,0,0,0,0,0,1,0,0,0,0,0,0,0,0,0,0,0,3,1,6,5,2,10,9
2021,azerbaijan,https://gadebate.un.org/sites/default/files/gastatements/76/az_en.pdf,3637,0,0,0,0,0,0,0,0,1,0,0,0,0,1,0,0,0,0,0,0,0,0,0,0,0,0,0,0,0,2,5,5,7,7,3,7,9
2021,bangladesh,https://gadebate.un.org/sites/default/files/gastatements/76/bd_en.pdf,1996,0,0,1,0,0,0,1,0,0,0,3,0,1,0,0,0,0,0,0,0,0,0,0,0,0,0,0,0,0,0,0,5,3,4,0,2,9
2021,belgium,https://gadebate.un.org/sites/default/files/gastatements/76/be_en.pdf,1885,0,0,0,0,0,0,0,0,0,0,0,0,1,0,0,0,0,0,0,0,0,0,0,0,0,0,1,0,0,0,1,2,6,1,0,0,10
2021,bhutan,https://gadebate.un.org/sites/default/files/gastatements/76/bt_en.pdf,2072,0,0,0,0,0,0,2,0,1,0,1,0,1,0,0,0,0,0,0,0,0,0,0,0,0,0,0,0,0,0,0,4,1,3,0,3,8
2021,bosnia-and-herzegovina,https://gadebate.un.org/sites/default/files/gastatements/76/ba_en.pdf,3041,0,0,0,0,0,0,0,0,0,0,0,0,0,0,0,0,0,0,0,0,0,0,0,0,0,0,0,0,0,0,3,6,3,11,0,3,4
2021,brunei-darussalam,https://gadebate.un.org/sites/default/files/gastatements/76/bn_en.pdf,1259,1,0,0,0,0,0,0,0,0,0,0,0,0,0,0,0,0,0,0,0,0,0,0,0,0,0,0,0,0,0,2,2,4,6,1,3,6
2021,bulgaria,https://gadebate.un.org/sites/default/files/gastatements/76/bg_en.pdf,1208,0,0,0,0,0,0,0,0,0,0,0,0,0,0,0,0,0,0,0,0,0,0,0,0,0,0,0,0,0,0,0,2,6,5,1,8,3
2021,cabo-verde,https://gadebate.un.org/sites/default/files/gastatements/76/cv_en.pdf,2493,0,0,0,0,0,0,0,0,0,0,0,0,0,0,0,0,0,0,0,0,0,0,0,0,0,0,0,0,0,0,2,10,5,7,0,7,6
2021,cambodia,https://gadebate.un.org/sites/default/files/gastatements/76/kh_en.pdf,968,0,0,0,0,0,0,0,1,0,0,0,0,0,0,0,0,0,0,0,0,0,0,0,0,0,0,0,1,0,0,1,2,6,5,0,7,2
2021,canada,https://gadebate.un.org/sites/default/files/gastatements/76/ca_en.pdf,2732,0,0,1,0,0,1,1,0,0,0,0,0,1,1,0,0,0,0,0,0,0,0,0,0,0,0,0,0,0,2,1,1,3,8,0,5,23
2021,croatia,https://gadebate.un.org/sites/default/files/gastatements/76/hr_en.pdf,2034,0,1,0,0,0,1,0,0,0,0,0,0,0,1,0,0,0,0,0,0,0,0,0,0,0,0,0,0,1,0,4,6,9,5,1,5,9
2021,cyprus,https://gadebate.un.org/sites/default/files/gastatements/76/cy_en.pdf,2529,0,2,0,0,0,0,0,0,1,0,0,0,0,0,0,0,0,0,0,0,0,0,0,0,0,0,0,0,0,1,2,4,8,7,0,2,4
2021,czech-republic,https://gadebate.un.org/sites/default/files/gastatements/76/cz_en.pdf,1545,0,1,0,0,0,0,0,0,0,0,0,0,0,0,0,0,0,0,1,0,0,0,0,0,0,0,0,0,0,1,3,3,3,5,0,9,2
2021,democratic-peoples-republic-korea,https://gadebate.un.org/sites/default/files/gastatements/76/kp_en.pdf,3572,0,0,0,0,0,0,0,0,0,0,0,0,0,0,0,0,0,0,0,0,0,0,0,0,0,0,0,0,0,3,2,7,6,9,1,4,24
2021,denmark,https://gadebate.un.org/sites/default/files/gastatements/76/dk_en.pdf,801,0,0,0,0,0,0,0,0,0,0,0,0,0,0,0,0,0,0,0,0,0,0,0,0,0,0,0,0,0,0,1,0,1,3,0,0,7
2021,dominica,https://gadebate.un.org/sites/default/files/gastatements/76/dm_en.pdf,1851,0,0,0,0,0,0,0,0,0,0,0,0,0,0,0,0,0,0,0,0,0,0,0,0,0,0,0,0,0,0,0,13,2,2,0,4,10
2021,eritrea,https://gadebate.un.org/sites/default/files/gastatements/76/er_en.pdf,1203,0,0,0,0,0,0,0,0,1,0,0,0,0,2,0,0,0,0,0,0,0,0,0,0,0,0,0,0,0,1,1,1,1,5,0,1,4
2021,estonia,https://gadebate.un.org/sites/default/files/gastatements/76/ee_en.pdf,2272,0,1,0,0,0,1,0,0,0,0,0,0,0,0,0,0,0,0,0,0,0,0,0,0,0,0,0,0,0,1,3,5,10,4,0,3,12
2021,eswatini,https://gadebate.un.org/sites/default/files/gastatements/76/sz_en.pdf,2360,0,0,1,0,0,0,0,0,0,0,0,0,1,1,0,0,0,0,1,0,0,1,0,0,0,0,0,0,1,0,0,9,2,1,1,1,11
2021,ethiopia,https://gadebate.un.org/sites/default/files/gastatements/76/et_en.pdf,1801,0,0,1,0,0,0,0,1,1,1,0,0,0,0,0,0,0,0,1,0,0,0,0,0,0,0,0,0,0,2,5,3,3,5,3,6,6
2021,fiji,https://gadebate.un.org/sites/default/files/gastatements/76/fj_en.pdf,1824,0,0,0,0,0,0,1,0,0,0,0,0,0,1,0,0,0,0,0,0,0,0,0,0,0,0,0,0,0,0,0,2,0,0,0,3,8
2021,georgia,https://gadebate.un.org/sites/default/files/gastatements/76/ge_en.pdf,1938,1,0,1,0,0,0,0,0,0,0,0,1,0,1,0,0,0,0,1,0,0,0,0,0,0,0,0,0,0,0,6,3,3,8,1,2,10
2021,ghana,https://gadebate.un.org/sites/default/files/gastatements/76/gh_en.pdf,2004,1,0,0,0,0,0,0,0,0,0,0,0,0,0,0,1,0,0,0,0,0,0,0,0,0,0,0,0,0,0,1,6,2,1,0,7,4
2021,greece,https://gadebate.un.org/sites/default/files/gastatements/76/gr_en.pdf,1858,0,1,0,0,0,0,0,0,0,0,0,0,0,0,0,0,0,0,0,0,0,0,0,0,0,0,0,0,0,2,3,2,2,1,0,6,2
2021,grenada,https://gadebate.un.org/sites/default/files/gastatements/76/gd_en.pdf,1961,0,0,1,0,0,0,0,0,1,0,0,0,0,1,0,0,0,0,0,0,0,0,0,0,0,0,0,0,0,0,3,7,5,2,0,7,9
2021,guyana,https://gadebate.un.org/sites/default/files/gastatements/76/gy_en.pdf,2292,0,0,0,0,1,1,0,0,0,0,0,0,0,0,0,0,0,0,0,0,0,0,1,0,0,0,0,0,0,1,5,3,0,3,0,1,14
2021,holy-see,https://gadebate.un.org/sites/default/files/gastatements/76/va_en.pdf,2560,0,0,0,0,0,2,0,0,0,0,0,0,0,0,0,0,0,0,0,0,0,0,0,0,0,0,0,0,0,0,0,9,3,10,1,1,8
2021,iceland,https://gadebate.un.org/sites/default/files/gastatements/76/is_en.pdf,2008,0,0,0,0,0,0,0,1,0,0,0,0,0,1,0,0,0,0,0,0,0,0,0,0,0,0,0,0,0,1,6,10,5,6,1,2,4
2021,iran-islamic-republic,https://gadebate.un.org/sites/default/files/gastatements/76/ir_en.pdf,2010,0,0,0,0,0,1,0,0,0,0,0,0,0,0,0,0,0,1,0,0,0,0,0,1,0,0,0,0,0,0,3,0,7,5,0,1,11
2021,ireland,https://gadebate.un.org/sites/default/files/gastatements/76/ie_en.pdf,2377,0,0,0,0,0,0,0,1,0,0,0,0,0,0,0,0,0,0,0,0,0,0,0,0,0,0,0,0,0,1,1,1,15,11,0,8,9
2021,israel,https://gadebate.un.org/sites/default/files/gastatements/76/il_en.pdf,2085,0,0,0,0,0,0,0,1,0,0,0,0,0,0,0,0,0,0,0,0,0,0,0,0,0,0,0,0,0,1,0,0,0,2,0,0,13
2021,italy,https://gadebate.un.org/sites/default/files/gastatements/76/it_en.pdf,2391,0,0,0,0,0,0,0,0,1,0,0,0,0,1,0,0,0,0,0,0,0,0,0,0,0,0,0,0,0,0,2,4,14,6,2,11,8
2021,jamaica,https://gadebate.un.org/sites/default/files/gastatements/76/jm_en.pdf,1807,0,0,0,0,0,1,0,0,0,0,0,0,0,1,0,0,0,0,0,0,0,0,0,0,0,0,0,0,1,0,1,15,4,4,1,10,3
2021,kenya,https://gadebate.un.org/sites/default/files/gastatements/76/ke_en.pdf,1469,0,0,0,0,0,0,0,0,0,0,1,0,0,0,0,0,0,0,0,0,0,0,0,0,0,0,0,0,0,0,0,1,3,4,0,5,4
2021,kiribati,https://gadebate.un.org/sites/default/files/gastatements/76/ki_en.pdf,1520,0,0,0,0,1,0,0,0,2,0,1,0,0,1,0,0,0,0,0,1,0,0,0,0,0,0,0,0,0,1,0,8,3,3,1,7,19
2021,lao-peoples-democratic-republic,https://gadebate.un.org/sites/default/files/gastatements/76/la_en.pdf,1778,0,0,0,0,0,0,0,0,0,0,0,0,0,0,0,0,0,0,0,0,0,0,0,0,0,0,0,0,1,0,15,13,1,5,1,6,9
2021,latvia,https://gadebate.un.org/sites/default/files/gastatements/76/lv_en.pdf,1628,0,0,0,0,0,0,0,0,0,0,0,0,0,0,0,0,0,0,0,0,0,0,0,0,0,0,0,0,0,1,4,4,9,3,0,5,6
2021,lesotho,https://gadebate.un.org/sites/default/files/gastatements/76/ls_en.pdf,2803,0,0,0,0,0,0,0,0,0,0,2,0,0,0,0,0,0,0,1,0,0,0,0,0,0,0,1,0,0,0,1,11,8,8,0,8,14
2021,liberia,https://gadebate.un.org/sites/default/files/gastatements/76/lr_en.pdf,2022,0,0,1,0,0,0,0,0,0,0,0,0,0,0,0,0,0,0,0,0,0,0,0,0,0,0,0,0,0,0,0,12,2,7,0,7,9
2021,lithuania,https://gadebate.un.org/sites/default/files/gastatements/76/lt_en.pdf,1632,0,0,0,0,0,0,0,0,0,0,0,0,0,0,0,0,0,0,0,0,0,0,0,0,0,0,0,0,0,2,0,0,9,2,0,5,6
2021,malawi,https://gadebate.un.org/sites/default/files/gastatements/76/mw_en.pdf,1449,0,0,0,0,0,1,0,0,0,0,0,0,0,0,0,0,0,0,0,0,0,0,0,0,0,0,0,0,0,0,0,7,2,2,0,1,1
2021,malaysia,https://gadebate.un.org/sites/default/files/gastatements/76/my_en.pdf,2411,0,1,0,0,0,0,0,0,0,0,0,0,0,0,0,0,0,0,0,0,0,0,0,0,0,0,0,0,0,1,1,3,5,6,0,4,7
2021,maldives,https://gadebate.un.org/sites/default/files/gastatements/76/mv_en.pdf,1805,0,0,1,1,0,0,0,0,0,0,0,0,0,0,0,0,0,0,0,0,0,0,0,0,0,0,1,0,0,0,0,0,1,1,0,3,11
2021,malta,https://gadebate.un.org/sites/default/files/gastatements/76/mt_en.pdf,3246,0,0,0,0,0,2,0,0,1,0,0,0,0,0,0,0,0,0,0,0,0,1,0,0,0,0,0,0,0,0,1,3,16,8,0,12,6
2021,mauritius,https://gadebate.un.org/sites/default/files/gastatements/76/mu_en.pdf,1583,0,0,0,0,0,0,0,0,0,0,0,0,0,0,0,0,0,0,0,0,0,0,0,0,0,0,0,0,0,0,2,0,1,3,0,9,8
2021,micronesia-federated-states,https://gadebate.un.org/sites/default/files/gastatements/76/fm_en.pdf,2108,0,0,0,0,1,0,0,0,0,0,0,0,0,0,0,0,0,0,1,0,0,0,0,0,0,0,0,0,0,0,2,2,3,1,0,7,8
2021,montenegro,https://gadebate.un.org/sites/default/files/gastatements/76/me_en.pdf,1873,0,0,0,0,0,0,0,0,0,0,0,0,0,0,0,0,0,0,0,0,0,0,0,0,0,0,0,0,0,0,3,3,3,6,0,5,1
2021,mozambique,https://gadebate.un.org/sites/default/files/gastatements/76/my_en_1.pdf,1571,0,0,0,0,0,0,0,0,1,0,0,0,1,0,0,0,0,0,0,0,0,0,0,0,0,0,0,0,0,0,3,4,9,7,1,8,2
2021,namibia,https://gadebate.un.org/sites/default/files/gastatements/76/na_en.pdf,1323,1,0,0,0,0,0,0,0,0,0,0,0,1,0,0,0,0,0,0,0,0,0,0,0,0,0,0,0,0,0,0,6,2,4,1,3,8
2021,nauru,https://gadebate.un.org/sites/default/files/gastatements/76/nr_en.pdf,2463,0,0,0,0,0,0,0,0,0,0,0,0,0,1,0,0,0,0,0,0,0,0,0,0,0,0,0,0,0,0,4,9,6,2,0,12,9
2021,nepal,https://gadebate.un.org/sites/default/files/gastatements/76/np_en.pdf,2885,0,0,0,0,0,0,0,0,0,0,0,0,0,2,0,0,0,0,0,0,0,0,0,0,0,0,1,0,0,0,11,11,8,8,0,11,21
2021,new-zealand,https://gadebate.un.org/sites/default/files/gastatements/76/nz_en.pdf,2553,0,0,0,0,0,1,0,0,0,0,0,0,0,0,0,0,0,0,0,0,0,0,0,0,0,0,0,0,0,0,4,2,1,4,0,10,11
2021,nigeria,https://gadebate.un.org/sites/default/files/gastatements/76/ng_en.pdf,2723,0,1,1,0,0,0,0,0,0,0,1,0,0,0,0,0,0,0,3,0,0,0,0,0,0,0,0,0,0,0,4,9,7,5,1,13,8
2021,pakistan,https://gadebate.un.org/sites/default/files/gastatements/76/pk_en.pdf,2494,0,0,0,0,0,0,0,0,2,0,0,0,1,0,0,0,0,0,1,0,0,0,0,0,0,0,0,0,0,0,0,2,3,2,2,1,11
2021,palau,https://gadebate.un.org/sites/default/files/gastatements/76/pw_en.pdf,1587,0,0,0,0,0,0,0,0,0,0,0,0,0,0,0,0,0,0,0,0,0,0,0,0,0,0,0,0,0,1,3,1,5,0,0,1,12
2021,palestine-state,https://gadebate.un.org/sites/default/files/gastatements/76/ps_en.pdf,2814,0,0,0,0,0,0,0,0,0,0,0,1,0,0,0,0,0,0,0,0,0,0,0,0,0,0,0,0,0,0,0,1,6,19,2,4,28
2021,papua-new-guinea,https://gadebate.un.org/sites/default/files/gastatements/76/pg_en.pdf,5262,0,0,0,2,0,2,1,0,3,0,0,0,0,3,0,0,0,0,0,0,0,0,0,0,0,0,0,0,0,2,1,33,18,17,3,28,10
2021,philippines,https://gadebate.un.org/sites/default/files/gastatements/76/ph_en.pdf,1432,0,0,0,0,0,0,0,0,0,0,0,0,1,0,0,0,0,0,0,0,0,0,0,0,0,0,0,0,0,0,2,0,3,2,0,1,6
2021,republic-korea,https://gadebate.un.org/sites/default/files/gastatements/76/kr_en.pdf,1958,0,0,0,0,0,0,0,0,1,0,0,0,0,0,0,0,0,0,0,0,0,0,0,0,0,0,0,1,0,0,0,0,3,12,0,0,0
2021,republic-moldova,https://gadebate.un.org/sites/default/files/gastatements/76/md_en.pdf,1454,0,0,0,0,0,0,0,0,0,0,0,0,0,0,0,0,0,0,0,0,0,0,0,0,0,0,0,0,0,1,2,0,6,2,0,3,4
2021,republic-north-macedonia,https://gadebate.un.org/sites/default/files/gastatements/76/mk_en.pdf,1720,0,0,0,0,0,0,0,0,0,0,0,0,0,0,0,1,0,0,0,0,0,0,0,0,0,0,0,0,0,0,3,6,4,1,0,3,3
2021,romania,https://gadebate.un.org/sites/default/files/gastatements/76/ro_en.pdf,1118,0,0,0,0,0,0,0,0,0,0,0,0,0,0,0,0,0,0,0,0,0,0,0,0,0,0,0,0,0,0,1,1,6,3,0,6,0
2021,rwanda,https://gadebate.un.org/sites/default/files/gastatements/76/rw_en.pdf,475,0,0,0,0,0,0,1,0,0,0,0,0,0,0,0,0,0,0,0,0,0,0,0,0,0,0,0,0,0,0,1,1,1,0,0,1,0
2021,saint-kitts-and-nevis,https://gadebate.un.org/sites/default/files/gastatements/76/kn_en.pdf,1541,0,0,0,0,0,0,0,0,0,0,0,0,0,0,0,0,0,0,0,0,0,0,0,0,0,0,1,0,0,0,1,12,0,0,0,3,7
2021,saint-lucia,https://gadebate.un.org/sites/default/files/gastatements/76/lc_en.pdf,2927,0,0,0,0,0,0,0,0,1,0,0,0,1,1,0,0,0,0,0,0,0,0,0,0,0,0,0,0,0,1,1,19,0,1,1,1,12
2021,saint-vincent-and-grenadines,https://gadebate.un.org/sites/default/files/gastatements/76/vc_en.pdf,2035,0,0,0,0,0,0,0,0,0,0,0,1,0,0,0,0,0,0,0,0,0,0,0,0,0,0,0,0,0,0,1,7,7,3,0,1,6
2021,san-marino,https://gadebate.un.org/sites/default/files/gastatements/76/sm_en.pdf,1879,0,0,0,0,0,0,0,0,0,0,0,0,0,0,0,0,0,0,1,0,0,0,0,0,0,0,0,0,0,0,2,3,6,3,1,7,8
2021,serbia,https://gadebate.un.org/sites/default/files/gastatements/76/rs_en.pdf,2013,0,0,0,0,0,0,0,0,0,0,0,0,0,1,0,0,0,0,0,0,0,0,0,0,0,0,0,0,0,1,1,1,3,4,1,3,3
2021,seychelles,https://gadebate.un.org/sites/default/files/gastatements/76/sc_en.pdf,1345,0,0,0,0,0,0,0,0,0,0,0,0,0,0,0,1,0,0,1,0,0,0,0,0,0,0,0,0,0,0,0,2,0,1,0,2,6
2021,singapore,https://gadebate.un.org/sites/default/files/gastatements/76/sg_en.pdf,1723,0,0,0,0,0,0,0,0,0,0,0,0,0,0,0,0,0,0,0,0,0,0,0,0,0,0,0,0,0,0,5,10,2,0,0,3,7
2021,slovakia,https://gadebate.un.org/sites/default/files/gastatements/76/sk_en.pdf,963,0,0,0,0,0,0,0,0,0,0,0,0,0,0,0,0,0,0,0,0,0,0,0,0,0,0,0,0,0,0,0,0,2,0,0,4,3
2021,slovenia,https://gadebate.un.org/sites/default/files/gastatements/76/si_en.pdf,1191,0,0,0,0,0,0,0,0,0,0,0,0,1,0,0,0,0,0,0,0,0,0,0,0,0,0,0,0,0,0,3,1,10,6,4,2,1
2021,solomon-islands,https://gadebate.un.org/sites/default/files/gastatements/76/sb_en.pdf,2574,0,0,0,0,0,0,0,0,0,0,0,0,0,0,0,0,0,0,0,0,0,0,0,0,0,0,0,0,0,3,3,2,5,4,1,8,13
2021,somalia,https://gadebate.un.org/sites/default/files/gastatements/76/so_en.pdf,1342,0,0,0,0,1,0,0,0,0,0,0,0,0,0,0,0,0,0,0,0,0,1,0,0,0,0,0,0,0,0,1,9,0,1,1,0,12
2021,south-africa,https://gadebate.un.org/sites/default/files/gastatements/76/za_en.pdf,1207,0,0,0,0,0,0,0,1,0,0,0,0,0,0,0,0,0,0,0,0,0,0,0,0,0,0,0,0,0,0,3,3,5,4,0,2,5
2021,south-sudan,https://gadebate.un.org/sites/default/files/gastatements/76/ss_en.pdf,1643,0,0,0,0,0,0,0,0,0,0,0,0,0,0,0,0,0,0,0,0,0,0,0,0,0,0,0,0,0,0,2,3,8,12,7,3,13
2021,sri-lanka,https://gadebate.un.org/sites/default/files/gastatements/76/lk_en.pdf,1415,0,0,0,0,0,2,0,0,0,0,0,0,0,1,0,0,0,0,0,0,0,0,0,0,0,0,0,0,0,1,3,5,1,1,0,10,2
2021,suriname,https://gadebate.un.org/sites/default/files/gastatements/76/sr_en.pdf,1300,0,0,0,0,0,0,0,0,0,1,0,0,0,0,0,0,0,0,1,0,0,0,0,0,0,0,0,0,0,0,3,2,0,1,1,9,2
2021,sweden,https://gadebate.un.org/sites/default/files/gastatements/76/se_en.pdf,1365,0,0,2,0,0,0,0,0,0,0,1,0,0,0,0,0,0,0,0,0,0,0,0,0,0,0,0,0,0,1,5,2,3,2,0,7,7
2021,tajikistan,https://gadebate.un.org/sites/default/files/gastatements/76/tj_en.pdf,2210,0,0,0,0,0,0,0,0,0,0,0,0,0,0,0,0,0,0,0,0,0,0,0,0,0,0,0,0,0,0,6,10,10,9,1,3,12
2021,thailand,https://gadebate.un.org/sites/default/files/gastatements/76/th_en.pdf,2405,0,0,0,0,0,4,0,0,0,0,1,0,0,0,0,0,0,0,1,0,0,0,0,0,0,0,0,0,0,0,14,21,8,4,0,7,4
2021,timor-leste,https://gadebate.un.org/sites/default/files/gastatements/76/tl_en.pdf,2059,0,0,0,0,0,2,0,0,1,0,0,0,0,0,0,0,0,0,1,0,0,1,0,0,0,0,0,0,0,1,9,9,4,4,0,6,10
2021,togo,https://gadebate.un.org/sites/default/files/gastatements/76/vn_en.pdf,1931,0,0,0,0,0,5,0,0,0,0,0,0,0,0,0,1,0,0,0,0,0,0,0,0,0,0,0,0,0,1,10,11,6,11,2,5,18
2021,tonga,https://gadebate.un.org/sites/default/files/gastatements/76/to_en_0.pdf,1716,1,0,0,0,1,0,0,0,0,0,0,0,0,1,0,0,0,0,0,0,0,0,0,0,0,1,0,0,0,0,2,10,1,0,1,7,3
2021,trinidad-and-tobago,https://gadebate.un.org/sites/default/files/gastatements/76/tt_en.pdf,1921,0,1,0,0,0,1,0,0,0,0,0,0,1,1,0,0,0,0,0,0,0,0,0,0,0,0,0,0,0,0,2,3,6,3,1,4,5
2021,tuvalu,https://gadebate.un.org/sites/default/files/gastatements/76/tv_en.pdf,1639,0,0,1,0,0,0,0,0,0,0,0,0,0,0,0,0,0,0,0,0,0,0,0,0,0,0,1,0,0,1,2,12,6,0,0,4,13
2021,uganda,https://gadebate.un.org/sites/default/files/gastatements/76/ug_en.pdf,2905,0,2,0,0,0,0,0,0,0,1,0,0,0,2,0,0,0,0,0,0,0,0,0,0,0,0,0,0,0,0,2,15,13,5,0,18,4
2021,united-republic-tanzania,https://gadebate.un.org/sites/default/files/gastatements/76/tz_en.pdf,1610,0,0,0,0,0,0,0,0,1,0,0,0,0,0,0,0,0,0,0,0,0,0,0,0,0,0,0,0,0,0,0,4,1,3,0,2,7
2021,vanuatu,https://gadebate.un.org/sites/default/files/gastatements/76/vu_en.pdf,2246,0,0,0,0,1,0,0,0,0,0,0,0,1,0,0,0,0,0,0,0,0,0,0,0,0,0,0,2,0,0,6,11,0,0,1,18,8
2021,viet-nam,https://gadebate.un.org/sites/default/files/gastatements/76/cv_en_1.pdf,2493,0,0,0,0,0,0,0,0,0,0,0,0,0,0,0,0,0,0,0,0,0,0,0,0,0,0,0,0,0,0,2,10,5,7,0,7,6
2022,albania,https://gadebate.un.org/sites/default/files/gastatements/77/al_en.pdf,2054,0,0,0,0,0,0,0,0,0,0,0,0,1,0,0,0,0,0,0,0,0,0,0,0,0,0,0,0,0,1,4,1,8,6,2,3,3
2022,angola,https://gadebate.un.org/sites/default/files/gastatements/77/ao_en.pdf,1328,0,0,0,0,0,0,0,0,0,0,1,0,0,0,0,0,0,0,0,0,0,0,0,0,0,0,0,0,0,0,1,5,5,11,1,2,4
2022,armenia,https://gadebate.un.org/sites/default/files/gastatements/77/am_en.pdf,1954,0,0,0,0,0,0,0,0,0,0,0,0,0,0,0,0,0,0,1,0,0,0,0,0,0,0,0,0,0,3,0,0,8,11,0,5,3
2022,australia,https://gadebate.un.org/sites/default/files/gastatements/77/au_en.pdf,2257,0,0,0,0,0,0,0,0,0,0,0,0,0,0,0,0,0,0,0,0,0,0,0,0,0,0,0,0,0,1,2,12,14,2,0,3,24
2022,azerbaijan,https://gadebate.un.org/sites/default/files/gastatements/77/az_en.pdf,2774,0,0,0,0,0,0,0,0,1,0,1,1,0,0,0,0,0,0,0,0,0,0,0,0,0,0,0,0,0,4,4,9,8,9,5,8,0
2022,bahamas,https://gadebate.un.org/sites/default/files/gastatements/77/bs_en.pdf,1997,0,0,0,0,0,0,0,0,0,1,0,0,1,2,0,0,0,0,0,0,0,0,0,0,0,0,0,0,0,0,1,2,1,0,1,6,11
2022,bangladesh,https://gadebate.un.org/sites/default/files/gastatements/77/bd_en.pdf,2598,0,0,0,0,0,0,2,0,0,0,3,0,0,0,0,0,0,0,0,0,0,0,0,0,0,0,0,0,0,0,2,8,6,11,1,8,17
2022,belize,https://gadebate.un.org/sites/default/files/gastatements/77/bz_en.pdf,2175,0,0,0,0,0,0,0,0,0,0,1,0,1,1,0,0,0,0,0,0,0,0,0,0,0,0,0,0,0,0,3,7,0,1,0,6,9
2022,bhutan,https://gadebate.un.org/sites/default/files/gastatements/77/bt_en.pdf,3133,0,1,0,0,0,1,0,0,1,0,1,0,0,0,0,0,0,0,0,0,0,1,0,0,0,0,0,0,0,0,3,12,4,6,0,6,8
2022,bosnia-and-herzegovina,https://gadebate.un.org/sites/default/files/gastatements/77/ba_en.pdf,2484,0,0,0,0,0,0,0,0,0,0,0,0,0,0,0,0,0,0,0,0,0,0,0,0,0,0,0,0,0,3,6,0,9,15,0,3,5
2022,botswana,https://gadebate.un.org/sites/default/files/gastatements/77/bw_en.pdf,2983,1,0,0,1,0,1,0,0,0,0,9,0,0,0,0,0,0,0,3,0,0,0,0,0,0,0,0,1,0,1,0,21,7,7,2,4,8
2022,brazil,https://gadebate.un.org/sites/default/files/gastatements/77/br_en.pdf,2319,0,0,0,0,0,0,0,0,0,0,0,0,0,0,0,0,1,0,0,0,0,0,0,0,0,0,0,0,0,0,1,4,4,7,3,4,8
2022,brunei-darussalam,https://gadebate.un.org/sites/default/files/gastatements/77/bn_en.pdf,1121,0,0,1,0,0,0,0,0,0,0,1,0,0,0,0,0,0,0,0,0,0,0,0,0,0,0,0,0,0,1,1,1,4,3,0,1,0
2022,bulgaria,https://gadebate.un.org/sites/default/files/gastatements/77/bg_en.pdf,1531,0,0,0,0,1,1,0,0,0,0,1,0,0,0,0,0,0,0,0,0,0,0,0,0,0,0,0,0,0,0,5,5,10,6,1,5,5
2022,cabo-verde,https://gadebate.un.org/sites/default/files/gastatements/77/cv_en.pdf,1357,0,0,0,0,0,0,0,0,0,0,2,0,1,0,0,0,0,0,0,0,0,0,0,0,0,0,0,0,0,0,2,4,1,2,0,5,2
2022,cambodia,https://gadebate.un.org/sites/default/files/gastatements/77/kh_en.pdf,1526,0,0,0,0,1,0,0,0,0,1,2,0,0,0,0,0,0,0,0,0,0,0,0,0,0,0,0,0,0,0,4,6,4,4,1,3,3
2022,croatia,https://gadebate.un.org/sites/default/files/gastatements/77/hr_en.pdf,1853,0,0,0,0,0,1,0,0,0,0,0,0,0,0,0,0,0,0,0,0,0,1,0,0,0,0,0,0,1,0,4,3,7,4,0,2,5
2022,cyprus,https://gadebate.un.org/sites/default/files/gastatements/77/cy_en.pdf,2353,0,1,0,0,0,1,0,0,0,0,0,0,0,0,0,0,0,0,0,0,0,0,0,0,0,0,0,0,0,2,0,2,8,6,0,0,5
2022,czech-republic,https://gadebate.un.org/sites/default/files/gastatements/77/cz_en.pdf,1762,0,0,0,0,0,0,0,0,0,0,0,0,0,0,0,0,0,0,0,0,0,0,0,0,0,0,0,0,0,1,0,3,5,1,0,10,0
2022,democratic-peoples-republic-korea,https://gadebate.un.org/sites/default/files/gastatements/77/kp_en.pdf,2402,0,0,0,0,0,0,0,0,0,0,1,0,0,0,0,1,0,0,0,0,0,1,0,0,0,0,0,0,0,3,2,4,9,9,0,2,15
2022,denmark,https://gadebate.un.org/sites/default/files/gastatements/77/dk_en.pdf,1738,0,2,0,0,0,0,0,0,0,0,0,0,0,0,0,0,0,0,0,0,0,0,0,0,0,0,0,0,0,1,2,1,9,3,1,3,2
2022,dominica,https://gadebate.un.org/sites/default/files/gastatements/77/dm_en.pdf,3195,0,0,0,0,0,0,0,0,0,0,5,0,0,0,0,0,0,0,0,0,0,0,0,0,0,0,0,0,0,0,2,8,6,4,0,10,16
2022,estonia,https://gadebate.un.org/sites/default/files/gastatements/77/ee_en.pdf,2185,0,0,0,0,0,0,0,0,0,0,0,0,1,0,0,1,0,0,1,0,0,0,0,0,0,0,0,0,0,2,2,3,10,4,0,7,5
2022,eswatini,https://gadebate.un.org/sites/default/files/gastatements/77/sz_en.pdf,1781,0,0,0,0,0,0,0,0,0,0,1,0,0,0,0,0,0,0,0,0,0,0,0,0,0,0,0,0,0,0,0,7,4,0,0,7,3
2022,ethiopia,https://gadebate.un.org/sites/default/files/gastatements/77/et_en.pdf,1148,0,0,0,0,0,1,0,0,0,0,0,1,0,0,0,0,0,0,0,1,0,0,0,0,0,0,0,0,0,0,5,4,3,8,0,6,2
2022,fiji,https://gadebate.un.org/sites/default/files/gastatements/77/fj_en.pdf,1782,0,0,0,0,0,0,0,0,0,0,0,0,0,0,0,0,0,0,0,0,0,0,0,0,0,0,0,0,0,0,0,3,0,2,0,3,9
2022,finland,https://gadebate.un.org/sites/default/files/gastatements/77/fi_en_25.pdf,1281,0,0,1,0,0,0,0,0,0,0,0,0,0,0,0,0,0,0,0,0,0,0,0,0,0,0,0,0,0,0,1,2,3,3,2,5,3
2022,gambia-republic,https://gadebate.un.org/sites/default/files/gastatements/77/gm_en.pdf,1576,0,1,0,0,0,0,0,0,0,0,1,0,0,0,0,0,0,0,1,0,0,0,0,0,0,0,0,0,0,2,2,6,4,13,1,7,8
2022,georgia,https://gadebate.un.org/sites/default/files/gastatements/77/ge_en.pdf,1895,0,0,0,0,0,2,0,0,0,0,0,0,0,0,0,0,0,0,0,0,0,0,0,0,0,0,0,0,0,3,2,7,6,9,1,5,3
2022,germany,https://gadebate.un.org/sites/default/files/gastatements/77/de_en.pdf,2238,0,0,0,0,0,0,0,0,0,0,0,0,1,0,0,1,0,0,0,0,0,0,0,0,0,0,0,0,0,1,7,2,5,8,0,6,2
2022,ghana,https://gadebate.un.org/sites/default/files/gastatements/77/gh_en.pdf,1758,0,0,0,0,0,0,0,0,1,0,2,0,0,0,0,0,0,0,0,0,0,0,0,0,0,0,0,0,0,0,0,5,2,0,0,1,2
2022,greece,https://gadebate.un.org/sites/default/files/gastatements/77/gr_en.pdf,2139,0,0,0,0,0,0,0,0,0,0,0,1,0,0,0,0,0,0,0,0,0,1,0,0,0,0,1,0,0,6,3,0,4,3,1,5,8
2022,grenada,https://gadebate.un.org/sites/default/files/gastatements/77/gd_en.pdf,2491,0,1,1,0,0,1,0,0,0,0,1,0,0,1,0,2,0,0,0,0,0,0,0,0,0,0,0,0,0,0,2,15,3,4,0,6,12
2022,guyana,https://gadebate.un.org/sites/default/files/gastatements/77/gy_en.pdf,2435,0,0,1,0,0,0,0,0,1,0,0,0,0,0,0,0,0,0,0,0,0,0,0,0,0,0,0,0,0,1,0,6,12,1,0,4,3
2022,holy-see,https://gadebate.un.org/sites/default/files/gastatements/77/va_en.pdf,3708,0,0,0,0,0,0,0,0,0,0,4,0,0,0,0,0,0,0,0,0,0,0,0,0,0,0,0,0,0,0,3,3,10,12,3,1,10
2022,hungary,https://gadebate.un.org/sites/default/files/gastatements/77/hu_en.pdf,1095,0,0,0,0,0,0,0,0,0,0,0,0,0,0,0,0,0,0,0,0,0,0,0,0,0,0,0,0,0,0,0,0,4,23,0,0,6
2022,iceland,https://gadebate.un.org/sites/default/files/gastatements/77/is_en.pdf,2497,1,0,0,0,0,0,1,0,0,0,1,0,0,0,0,0,0,0,0,0,0,0,0,0,0,0,1,0,0,0,1,3,1,1,0,1,7
2022,india,https://gadebate.un.org/sites/default/files/gastatements/77/in_en.pdf,1736,0,0,1,0,0,0,0,0,0,1,1,0,0,0,0,0,0,0,0,0,0,0,0,0,0,0,0,0,0,0,3,4,6,2,1,2,1
2022,indonesia,https://gadebate.un.org/sites/default/files/gastatements/77/id_en.pdf,1071,0,0,0,0,0,0,0,0,0,0,1,0,0,0,0,1,0,0,0,0,0,0,0,0,0,0,0,0,0,2,2,0,0,7,1,1,5
2022,iran-islamic-republic,https://gadebate.un.org/sites/default/files/gastatements/77/ir_en.pdf,3807,0,0,0,0,0,0,0,0,0,0,0,0,0,0,0,0,0,0,0,0,0,0,0,0,0,0,0,0,0,0,4,3,10,5,1,1,9
2022,ireland,https://gadebate.un.org/sites/default/files/gastatements/77/ie_en.pdf,2782,0,0,0,0,0,0,0,0,0,0,0,0,0,0,0,0,0,0,0,0,0,0,0,0,0,0,0,0,0,1,1,3,15,12,0,9,6
2022,israel,https://gadebate.un.org/sites/default/files/gastatements/77/il_en.pdf,2404,0,0,0,0,0,0,0,0,0,0,0,0,0,0,0,0,0,0,0,0,0,0,0,0,0,0,0,0,0,0,1,0,5,20,0,1,16
2022,italy,https://gadebate.un.org/sites/default/files/gastatements/77/it_en.pdf,1939,0,0,0,0,0,0,0,0,0,0,0,0,0,0,0,0,0,0,0,0,0,0,0,0,0,0,0,0,0,0,6,1,5,5,3,7,2
2022,jamaica,https://gadebate.un.org/sites/default/files/gastatements/77/jm_en.pdf,2124,1,0,0,0,0,0,0,0,0,0,3,0,0,1,0,1,0,0,0,0,0,0,0,0,0,0,0,0,1,0,2,6,4,2,0,5,7
2022,japan,https://gadebate.un.org/sites/default/files/gastatements/77/jp_en.pdf,2227,0,0,0,0,0,0,0,1,0,0,0,0,0,0,0,0,0,0,0,0,0,0,0,0,0,0,0,0,0,0,4,11,18,7,2,7,9
2022,kazakhstan,https://gadebate.un.org/sites/default/files/gastatements/77/kz_en.pdf,1781,0,0,0,0,0,1,0,0,0,0,0,0,0,0,0,0,0,0,0,0,0,1,0,0,0,0,0,0,0,0,3,3,6,3,3,1,2
2022,kenya,https://gadebate.un.org/sites/default/files/gastatements/77/ke_en.pdf,3825,0,0,0,0,0,1,0,0,0,2,2,0,0,2,0,1,0,0,1,1,0,0,0,0,0,0,0,1,0,0,4,14,17,9,0,6,11
2022,kiribati,https://gadebate.un.org/sites/default/files/gastatements/77/ki_en.pdf,1645,0,0,0,0,0,0,0,0,0,1,1,0,0,0,0,0,0,0,1,0,0,0,0,1,0,0,0,0,0,0,1,2,1,1,0,4,11
2022,lao-peoples-democratic-republic,https://gadebate.un.org/sites/default/files/gastatements/77/la_en.pdf,1227,0,0,0,0,0,0,0,0,0,1,1,0,0,0,0,0,0,0,0,0,0,1,0,0,0,0,0,0,0,0,6,13,2,4,0,4,8
2022,latvia,https://gadebate.un.org/sites/default/files/gastatements/77/lv_en.pdf,1330,0,0,0,0,0,0,0,0,0,0,1,0,0,0,0,0,0,0,0,0,0,0,0,0,0,0,0,0,0,1,3,6,9,2,0,6,3
2022,lesotho,https://gadebate.un.org/sites/default/files/gastatements/77/ls_en.pdf,2226,0,2,0,0,0,0,0,0,0,0,2,0,0,0,0,0,0,0,0,0,0,0,0,0,0,0,1,0,0,0,3,8,8,7,1,6,9
2022,liberia,https://gadebate.un.org/sites/default/files/gastatements/77/lr_en.pdf,1477,0,1,0,0,0,0,0,0,0,0,2,0,1,0,0,0,0,0,1,0,0,0,0,0,0,0,0,0,0,0,1,5,5,6,0,7,6
2022,liechtenstein,https://gadebate.un.org/sites/default/files/gastatements/77/li_en.pdf,1316,0,0,0,1,0,0,0,0,0,0,0,0,0,0,0,0,0,0,0,0,0,0,0,0,0,0,0,0,0,0,0,1,10,5,0,5,2
2022,lithuania,https://gadebate.un.org/sites/default/files/gastatements/77/lt_en.pdf,1424,0,0,0,0,0,0,0,0,0,0,1,0,1,0,0,0,0,0,0,0,0,0,0,0,0,0,0,0,0,1,0,0,8,8,0,2,4
2022,malawi,https://gadebate.un.org/sites/default/files/gastatements/77/mw_en.pdf,1833,0,0,0,0,0,0,0,0,0,0,0,0,0,0,0,0,0,0,0,0,0,0,0,0,0,0,0,0,0,0,2,4,3,0,0,6,5
2022,maldives,https://gadebate.un.org/sites/default/files/gastatements/77/mv_en.pdf,1335,0,0,0,0,0,0,0,0,0,0,0,0,0,0,0,0,0,0,0,0,0,1,0,0,0,0,0,0,0,0,0,1,2,3,0,6,3
2022,malta,https://gadebate.un.org/sites/default/files/gastatements/77/mt_en.pdf,2457,0,0,0,0,0,3,0,0,1,0,1,0,0,0,0,0,1,0,0,0,0,0,0,0,0,0,0,0,0,1,2,3,10,19,3,3,21
2022,marshall-islands,https://gadebate.un.org/sites/default/files/gastatements/77/mh_en.pdf,2010,0,0,0,0,0,0,0,0,0,0,0,0,1,0,0,0,0,0,0,0,0,0,0,0,0,0,0,0,0,0,2,2,6,4,0,5,10
2022,mauritius,https://gadebate.un.org/sites/default/files/gastatements/77/mu_en.pdf,2144,0,0,0,1,0,0,0,0,0,0,1,0,1,0,0,0,0,0,0,0,0,0,0,0,0,0,0,0,0,2,4,10,5,5,0,5,3
2022,micronesia-federated-states,https://gadebate.un.org/sites/default/files/gastatements/77/fm_en.pdf,2231,0,0,0,0,0,0,0,0,0,0,0,0,0,1,0,0,0,0,0,0,0,0,0,0,0,0,0,0,0,0,5,3,3,3,0,11,13
2022,mongolia,https://gadebate.un.org/sites/default/files/gastatements/77/mn_en.pdf,2440,0,0,0,0,0,0,0,0,0,0,0,0,0,0,0,0,0,0,1,0,0,0,0,0,0,0,0,0,0,0,4,15,18,15,7,8,6
2022,montenegro,https://gadebate.un.org/sites/default/files/gastatements/77/me_en.pdf,3387,0,0,1,0,0,0,0,0,0,0,1,0,0,0,0,0,0,0,0,0,0,0,0,0,0,0,1,0,1,2,2,12,16,12,0,13,5
2022,mozambique,https://gadebate.un.org/sites/default/files/gastatements/77/mz_en.pdf,1474,0,0,0,0,0,0,0,0,0,0,1,0,0,0,0,0,0,0,0,0,0,0,0,0,0,0,0,0,0,0,3,8,7,6,3,5,1
2022,namibia,https://gadebate.un.org/sites/default/files/gastatements/77/na_en.pdf,1804,0,1,0,0,0,0,0,1,0,1,1,0,0,0,0,0,0,0,0,0,0,0,0,0,0,0,0,0,0,0,2,5,7,11,1,3,4
2022,nauru,https://gadebate.un.org/sites/default/files/gastatements/77/nr_en.pdf,2179,0,0,0,0,0,0,0,0,0,0,3,0,0,2,0,0,0,0,0,0,0,0,0,0,0,0,0,0,0,0,1,4,4,1,1,9,8
2022,nepal,https://gadebate.un.org/sites/default/files/gastatements/77/np_en.pdf,2285,1,0,0,0,0,0,0,0,0,0,3,0,0,0,0,0,0,0,0,0,0,0,0,0,0,0,0,0,0,1,5,5,8,13,2,5,11
2022,netherlands,https://gadebate.un.org/sites/default/files/gastatements/77/nl_en.pdf,1973,0,1,0,0,0,0,0,0,0,0,0,0,1,0,0,0,0,0,0,0,0,0,0,0,0,0,0,0,0,0,4,2,5,5,0,7,9
2022,new-zealand,https://gadebate.un.org/sites/default/files/gastatements/77/nz_en.pdf,2181,0,0,0,0,0,0,0,0,0,0,0,0,0,0,0,0,0,0,0,0,0,0,0,0,0,0,0,0,0,0,0,1,6,3,1,1,10
2022,nigeria,https://gadebate.un.org/sites/default/files/gastatements/77/ng_en.pdf,1965,0,0,1,0,0,0,1,0,0,0,1,0,0,0,0,0,0,0,0,0,0,1,0,0,0,0,1,0,0,0,4,3,4,3,0,3,1
2022,norway,https://gadebate.un.org/sites/default/files/gastatements/77/no_en.pdf,1547,0,0,0,0,0,0,0,0,0,0,0,0,0,1,0,0,0,0,0,0,0,0,0,0,0,0,0,0,0,0,4,4,8,6,2,7,7
2022,palau,https://gadebate.un.org/sites/default/files/gastatements/77/pw_en.pdf,2019,0,0,0,0,1,0,0,0,0,0,0,0,0,0,0,0,0,0,0,0,0,0,0,0,0,0,0,0,0,0,0,4,1,3,0,4,19
2022,papua-new-guinea,https://gadebate.un.org/sites/default/files/gastatements/77/pg_en.pdf,3299,0,0,0,0,0,2,3,0,1,0,1,0,0,0,0,0,0,0,0,0,0,0,0,0,0,0,0,0,0,0,0,21,9,8,0,9,8
2022,philippines,https://gadebate.un.org/sites/default/files/gastatements/77/ph_en.pdf,2367,0,0,0,0,1,0,2,0,1,1,1,0,1,1,0,0,0,0,1,0,0,0,0,0,0,0,0,0,0,0,6,12,9,10,3,4,10
2022,republic-korea,https://gadebate.un.org/sites/default/files/gastatements/77/kr_en.pdf,1226,0,0,0,0,0,0,0,0,1,0,0,0,0,1,0,0,0,0,1,0,0,0,0,0,0,0,0,0,0,0,1,3,2,8,0,8,1
2022,republic-moldova,https://gadebate.un.org/sites/default/files/gastatements/77/md_en.pdf,1259,0,0,0,0,0,0,0,0,0,0,0,0,0,0,0,0,0,0,0,0,0,0,0,0,0,0,0,0,0,2,1,0,3,8,1,6,4
2022,republic-north-macedonia,https://gadebate.un.org/sites/default/files/gastatements/77/mk_en.pdf,2732,0,0,0,0,0,1,0,0,0,0,0,0,0,0,0,0,0,0,2,0,0,0,0,0,0,0,0,0,0,0,4,7,8,19,4,3,5
2022,romania,https://gadebate.un.org/sites/default/files/gastatements/77/ro_en.pdf,1138,0,0,1,0,0,0,0,1,0,0,0,0,0,0,0,0,0,0,0,0,0,0,0,0,0,0,1,0,0,1,0,1,8,6,1,8,1
2022,rwanda,https://gadebate.un.org/sites/default/files/gastatements/77/rw_en.pdf,717,0,0,0,0,0,0,0,0,0,0,0,0,0,0,0,0,0,0,0,0,0,0,0,0,0,0,0,0,0,0,2,0,1,0,0,2,2
2022,saint-kitts-and-nevis,https://gadebate.un.org/sites/default/files/gastatements/77/kn_en.pdf,1629,0,0,0,0,0,1,0,0,0,0,0,1,0,0,0,0,0,0,0,0,0,0,0,0,0,0,0,0,0,0,3,9,4,1,1,3,8
2022,saint-lucia,https://gadebate.un.org/sites/default/files/gastatements/77/lc_en.pdf,2947,0,0,0,0,0,0,1,0,0,0,2,0,0,0,0,0,0,0,0,0,0,0,0,0,0,0,0,0,0,0,3,14,2,5,0,2,19
2022,samoa,https://gadebate.un.org/sites/default/files/gastatements/77/ws_en.pdf,3104,1,0,0,1,0,0,0,0,0,0,2,0,0,1,0,0,0,0,0,0,0,0,0,0,0,0,2,0,1,0,1,14,9,2,0,6,5
2022,san-marino,https://gadebate.un.org/sites/default/files/gastatements/77/sm_en.pdf,2052,0,0,0,0,0,1,0,0,0,0,1,0,0,0,0,0,0,0,0,0,0,0,0,0,0,0,0,0,0,1,3,3,8,4,4,7,6
2022,serbia-1,https://gadebate.un.org/sites/default/files/gastatements/77/rs_en.pdf,2384,0,0,0,0,0,0,0,0,0,0,1,0,0,0,0,0,0,0,0,0,0,0,0,0,0,0,0,0,0,6,1,7,11,8,1,5,6
2022,seychelles,https://gadebate.un.org/sites/default/files/gastatements/77/sc_en.pdf,1459,0,0,0,0,0,0,2,0,0,0,2,0,1,0,0,0,0,0,0,0,0,0,0,0,0,0,0,1,0,0,3,9,4,1,1,1,1
2022,sierra-leone,https://gadebate.un.org/sites/default/files/gastatements/77/sl_en.pdf,1612,0,0,0,0,0,0,0,0,0,0,2,0,1,0,0,0,0,0,0,0,0,0,0,0,0,0,0,0,0,1,5,13,7,1,1,14,2
2022,singapore,https://gadebate.un.org/sites/default/files/gastatements/77/sg_en.pdf,1747,0,0,0,0,1,0,3,0,0,0,0,0,2,2,0,0,0,0,0,0,0,0,0,0,0,0,0,1,1,1,6,2,5,3,0,5,3
2022,slovakia,https://gadebate.un.org/sites/default/files/gastatements/77/sk_en.pdf,1357,0,0,0,0,0,1,0,0,0,0,0,0,0,0,0,0,0,0,0,0,0,0,0,0,0,0,0,0,0,0,3,0,5,7,0,2,1
2022,slovenia,https://gadebate.un.org/sites/default/files/gastatements/77/si_en.pdf,831,0,0,0,0,0,1,0,0,0,0,0,0,0,0,0,0,0,0,0,0,0,0,0,0,0,0,0,0,0,0,2,2,6,9,1,3,0
2022,solomon-islands,https://gadebate.un.org/sites/default/files/gastatements/77/sb_en.pdf,2406,0,0,0,0,0,1,0,0,1,1,1,0,1,0,0,0,0,0,0,0,0,0,0,2,0,0,1,0,0,4,2,6,5,6,0,11,7
2022,somalia,https://gadebate.un.org/sites/default/files/gastatements/77/so_en.pdf,1929,0,0,0,0,0,0,0,0,0,0,5,0,0,0,0,0,0,0,0,0,0,0,0,0,0,0,0,0,0,0,1,4,5,0,0,7,10
2022,south-africa,https://gadebate.un.org/sites/default/files/gastatements/77/za_en.pdf,1794,0,0,0,0,0,0,1,0,0,0,0,0,0,0,1,0,0,0,0,0,0,0,0,0,0,0,0,0,0,0,2,4,3,3,1,1,7
2022,south-sudan,https://gadebate.un.org/sites/default/files/gastatements/77/ss_en_1.pdf,1218,0,0,0,0,0,1,0,0,0,0,0,0,0,0,0,0,0,0,0,0,0,0,0,0,0,0,0,0,0,0,0,0,3,14,1,3,4
2022,spain,https://gadebate.un.org/sites/default/files/gastatements/77/es_en.pdf,2919,0,0,0,0,0,1,0,0,1,0,0,0,0,0,0,0,0,0,0,0,0,0,0,0,0,0,0,0,0,1,2,2,2,5,0,10,5
2022,sri-lanka,https://gadebate.un.org/sites/default/files/gastatements/77/lk_en.pdf,2538,0,0,0,0,1,1,0,0,1,0,1,0,0,0,0,0,0,0,0,0,0,0,0,0,0,0,0,0,0,0,2,6,9,3,0,2,7
2022,suriname,https://gadebate.un.org/sites/default/files/gastatements/77/sr_en.pdf,1570,0,0,0,0,0,0,0,0,0,0,0,0,0,0,0,0,0,0,0,0,0,0,0,0,0,0,0,0,0,0,1,8,3,2,3,5,4
2022,sweden,https://gadebate.un.org/sites/default/files/gastatements/77/se_en.pdf,1714,0,0,0,0,0,0,0,0,0,0,1,0,0,0,0,0,0,0,0,0,0,0,0,0,0,0,0,0,0,1,1,6,12,7,0,4,4
2022,tajikistan,https://gadebate.un.org/sites/default/files/gastatements/77/tj_en.pdf,2191,0,0,0,0,0,0,0,0,0,0,0,0,0,1,0,0,0,0,0,0,0,1,0,0,0,0,1,0,0,0,2,3,7,6,0,3,5
2022,thailand,https://gadebate.un.org/sites/default/files/gastatements/77/th_en.pdf,1922,0,0,0,0,0,0,0,0,0,0,0,0,0,0,1,0,0,0,0,0,0,0,0,0,0,0,0,0,0,0,11,12,1,3,1,7,3
2022,timor-leste,https://gadebate.un.org/sites/default/files/gastatements/77/tl_en.pdf,2399,0,0,0,0,0,0,0,0,0,0,0,0,2,0,0,0,0,0,0,0,0,0,0,0,0,0,0,0,0,0,1,2,4,4,0,7,14
2022,tonga,https://gadebate.un.org/sites/default/files/gastatements/77/tg_en.pdf,2267,0,0,0,0,0,0,0,0,0,1,2,0,0,0,0,0,0,0,0,0,0,1,0,0,0,1,0,0,0,0,1,14,8,6,0,11,10
2022,trinidad-and-tobago,https://gadebate.un.org/sites/default/files/gastatements/77/tt_en.pdf,1861,0,0,0,0,0,0,0,0,0,0,2,0,0,0,0,0,0,0,0,0,0,0,0,0,0,0,0,0,0,1,0,3,6,4,0,3,8
2022,turkiye,https://gadebate.un.org/sites/default/files/gastatements/77/tr_en.pdf,3301,0,0,0,0,0,0,0,0,0,0,1,0,0,0,0,0,0,0,0,0,0,0,0,0,0,0,0,0,0,2,9,3,13,18,5,12,10
2022,tuvalu,https://gadebate.un.org/sites/default/files/gastatements/77/tv_en.pdf,1678,0,0,0,0,0,0,0,0,0,0,3,0,1,0,0,0,0,0,1,0,0,0,0,0,0,0,0,0,0,2,2,4,5,1,1,4,9
2022,uganda,https://gadebate.un.org/sites/default/files/gastatements/77/ug_en.pdf,1446,0,1,0,0,0,0,0,0,1,0,1,0,0,0,0,0,0,0,0,0,0,0,0,0,0,0,0,0,0,0,5,7,11,7,1,14,1
2022,ukraine,https://gadebate.un.org/sites/default/files/gastatements/77/ua_en.pdf,2674,0,0,0,0,0,0,0,0,0,0,0,0,0,0,0,0,0,0,0,0,0,0,0,0,0,0,0,0,0,0,0,0,18,31,0,4,5
2022,united-kingdom-great-britain-and-northern-ireland,https://gadebate.un.org/sites/default/files/gastatements/77/uk_en.pdf,1781,0,0,0,0,0,0,0,1,0,0,0,0,0,0,0,0,0,0,0,0,0,0,0,0,0,0,0,0,0,2,0,0,10,0,0,3,10
2022,united-republic-tanzania,https://gadebate.un.org/sites/default/files/gastatements/77/tz_en.pdf,1740,0,0,0,0,0,0,1,0,0,0,4,0,0,1,0,0,0,0,1,0,0,0,0,0,0,0,0,0,0,0,1,4,9,8,0,5,4
2022,united-states-america,https://gadebate.un.org/sites/default/files/gastatements/77/us_en.pdf,3625,0,1,0,0,0,1,0,0,0,0,1,0,0,0,0,0,0,0,0,0,0,0,0,0,0,0,0,0,0,1,1,0,12,8,1,12,13
2022,uzbekistan,https://gadebate.un.org/sites/default/files/gastatements/77/uz_en.pdf,1737,0,0,0,0,0,0,0,0,0,0,0,0,0,0,0,0,0,0,0,0,0,1,0,0,0,0,0,0,0,0,9,6,6,3,3,7,2
2022,viet-nam,https://gadebate.un.org/sites/default/files/gastatements/77/vn_en.pdf,1399,0,0,0,0,0,1,0,0,0,0,1,0,0,0,0,1,0,0,0,0,0,0,0,0,0,0,0,0,0,0,4,7,7,6,3,2,3
2023,albania,https://gadebate.un.org/sites/default/files/gastatements/78/al_en.pdf,1666,0,1,0,0,0,1,0,0,0,1,0,0,0,0,0,0,0,0,1,0,0,0,0,1,0,0,0,0,1,0,3,11,9,11,1,5,1
2023,angola,https://gadebate.un.org/sites/default/files/gastatements/78/ao_en.pdf,2746,0,0,0,0,0,0,0,0,0,0,0,0,1,0,0,0,0,0,0,0,0,0,0,0,0,0,0,0,0,1,3,11,11,10,2,3,7
2023,antigua-and-barbuda,https://gadebate.un.org/sites/default/files/gastatements/78/ag_en_2.pdf,2486,0,0,0,1,0,0,0,0,0,0,1,0,0,1,0,1,0,0,1,0,0,0,0,0,1,0,0,2,1,0,3,0,6,1,2,1,6
2023,armenia,https://gadebate.un.org/sites/default/files/gastatements/78/am_en.pdf,2103,0,0,0,0,0,0,0,0,0,0,0,0,0,0,0,0,0,0,0,0,0,0,0,0,0,0,0,0,0,4,2,0,10,10,1,1,16
2023,australia,https://gadebate.un.org/sites/default/files/gastatements/78/au_en.pdf,2794,0,0,0,0,0,0,1,0,0,0,0,0,1,0,0,0,0,0,0,0,0,0,0,0,0,0,0,0,0,2,2,17,14,15,0,9,16
2023,austria,https://gadebate.un.org/sites/default/files/gastatements/78/at_en.pdf,1321,0,0,0,0,0,0,0,0,0,0,0,0,0,0,0,0,0,0,0,0,0,0,0,0,0,0,0,0,0,0,2,1,4,0,1,1,1
2023,azerbaijan,https://gadebate.un.org/sites/default/files/gastatements/78/az_en_0.pdf,2636,0,0,1,0,0,1,0,0,3,0,0,0,0,0,0,0,0,0,0,0,0,0,0,0,0,0,1,0,0,4,6,7,5,7,7,5,1
2023,bahamas,https://gadebate.un.org/sites/default/files/gastatements/78/bs_en.pdf,1444,0,0,0,0,0,0,0,0,0,0,0,0,0,0,0,0,0,0,0,0,0,0,0,0,0,0,0,0,0,0,0,0,5,0,0,4,8
2023,bangladesh,https://gadebate.un.org/sites/default/files/gastatements/78/bd_en.pdf,2791,0,1,0,0,0,1,0,0,0,0,0,0,0,0,0,0,0,0,0,0,0,0,0,0,0,0,0,0,0,0,3,9,5,4,0,4,16
2023,barbados,https://gadebate.un.org/sites/default/files/gastatements/78/bb_en_2.pdf,3080,0,0,0,0,0,0,0,0,0,0,0,0,0,0,0,1,0,0,0,0,0,0,0,0,0,0,0,0,0,0,0,4,3,1,0,5,27
2023,belgium,https://gadebate.un.org/sites/default/files/gastatements/78/be_en.pdf,13,0,0,0,0,0,0,0,0,0,0,0,0,0,0,0,0,0,0,0,0,0,0,0,0,0,0,0,0,0,0,0,0,0,0,0,0,0
2023,belize,https://gadebate.un.org/sites/default/files/gastatements/78/bz_en.pdf,1888,0,0,0,0,0,2,0,0,0,0,0,0,0,1,0,0,0,0,0,0,0,0,0,0,0,0,0,0,0,0,2,12,5,2,1,2,5
2023,bhutan,https://gadebate.un.org/sites/default/files/gastatements/78/bt_en.pdf,1942,0,0,0,0,0,0,0,0,1,0,0,0,0,0,0,0,0,0,0,0,0,1,0,0,0,0,0,0,0,0,3,14,3,6,0,9,7
2023,bosnia-and-herzegovina,https://gadebate.un.org/sites/default/files/gastatements/78/ba_en.pdf,2990,0,0,0,0,0,0,0,0,0,0,0,0,0,0,0,0,0,0,0,0,0,0,0,0,0,0,0,0,0,3,1,16,0,4,0,7,13
2023,botswana,https://gadebate.un.org/sites/default/files/gastatements/78/bw_en.pdf,1501,0,0,0,0,0,2,0,0,0,0,0,0,1,2,0,1,0,0,1,0,0,1,0,0,0,0,0,0,0,0,1,8,2,6,0,4,3
2023,brazil,https://gadebate.un.org/sites/default/files/gastatements/78/br_en.pdf,2295,0,1,0,0,0,0,0,0,0,0,0,0,0,0,0,0,0,0,0,0,0,0,0,0,0,0,0,0,0,1,1,5,2,4,4,3,6
2023,brunei-darussalam,https://gadebate.un.org/sites/default/files/gastatements/78/bn_en.pdf,1061,0,0,0,0,0,1,0,0,0,0,0,1,0,0,0,0,0,0,0,0,0,0,0,0,0,0,0,0,0,0,2,6,1,8,0,1,3
2023,bulgaria,https://gadebate.un.org/sites/default/files/gastatements/78/bg_en.pdf,1528,0,1,0,0,0,2,1,0,1,0,0,0,0,0,0,0,0,0,0,0,0,0,0,0,0,0,0,0,0,1,0,2,8,8,1,5,3
2023,cabo-verde,https://gadebate.un.org/sites/default/files/gastatements/78/cv_en.pdf,1180,0,0,0,0,0,0,0,0,0,0,2,0,0,0,0,0,0,0,0,0,0,0,0,0,0,0,0,0,0,1,0,8,7,5,0,0,4
2023,cambodia,https://gadebate.un.org/sites/default/files/gastatements/78/kh_en_0.pdf,1319,0,0,1,0,0,0,0,0,0,0,1,0,0,0,0,0,0,0,0,0,0,0,0,0,0,0,0,0,0,0,5,9,6,8,0,6,4
2023,croatia,https://gadebate.un.org/sites/default/files/gastatements/78/hr_en.pdf,1541,0,1,0,0,0,0,0,0,0,0,0,0,0,0,0,0,0,0,0,0,0,0,0,0,0,0,0,0,0,0,3,15,5,10,0,3,1
2023,cyprus,https://gadebate.un.org/sites/default/files/gastatements/78/cy_en.pdf,2389,0,0,0,0,0,1,0,0,0,0,1,1,0,0,0,0,0,0,0,0,0,0,0,0,0,0,0,0,0,2,3,2,8,34,5,1,6
2023,czech-republic,https://gadebate.un.org/sites/default/files/gastatements/78/cz_en.pdf,1474,0,0,0,0,0,0,0,0,0,0,0,0,0,0,0,0,0,0,0,0,0,0,0,0,0,0,0,0,0,0,2,4,15,7,0,8,5
2023,democratic-peoples-republic-korea,https://gadebate.un.org/sites/default/files/gastatements/78/kp_en.pdf,2292,0,0,1,0,0,0,0,0,0,0,0,0,0,0,0,0,0,0,0,0,0,0,0,0,0,0,0,0,0,4,3,8,19,8,0,2,14
2023,denmark,https://gadebate.un.org/sites/default/files/gastatements/78/dk_en.pdf,1576,0,0,0,0,0,0,0,0,0,1,0,0,0,0,0,0,0,0,0,0,0,0,0,0,0,0,0,0,0,1,4,9,3,4,0,4,5
2023,dominica,https://gadebate.un.org/sites/default/files/gastatements/78/dm_en.pdf,2289,1,1,0,0,0,0,1,0,1,0,1,0,0,0,0,0,0,0,1,0,0,0,0,0,0,0,0,0,0,0,0,5,6,3,1,15,13
2023,eritrea,https://gadebate.un.org/sites/default/files/gastatements/78/er_en.pdf,826,0,0,0,0,0,0,0,0,0,0,0,1,1,0,0,0,0,0,0,0,0,0,0,0,0,0,0,0,0,1,0,0,1,2,0,0,2
2023,estonia,https://gadebate.un.org/sites/default/files/gastatements/78/ee_en.pdf,2121,0,0,0,0,0,0,0,0,0,0,0,0,0,0,0,0,0,0,0,0,0,0,0,0,0,0,0,0,0,0,0,2,28,10,0,1,6
2023,eswatini,https://gadebate.un.org/sites/default/files/gastatements/78/sz_en.pdf,2022,0,0,2,0,0,1,0,0,0,0,0,0,0,0,0,0,0,0,0,0,0,0,0,0,0,0,0,0,0,0,3,10,2,6,2,8,6
2023,gambia-republic,https://gadebate.un.org/sites/default/files/gastatements/78/gm_en_1.pdf,2171,0,0,1,0,0,0,0,0,0,0,0,0,0,0,0,0,0,0,0,0,0,0,0,0,0,0,0,0,0,0,3,9,4,13,3,6,7
2023,georgia,https://gadebate.un.org/sites/default/files/gastatements/78/ge_en.pdf,1682,0,3,0,0,0,1,1,0,0,1,0,0,0,1,0,0,0,0,0,0,0,1,0,0,0,0,0,0,0,1,0,3,2,7,1,5,6
2023,ghana,https://gadebate.un.org/sites/default/files/gastatements/78/gh_en_0.pdf,2080,0,0,0,0,0,0,0,0,0,0,0,0,0,0,0,0,0,0,0,0,0,0,0,0,0,0,0,0,0,0,0,1,7,5,0,2,5
2023,greece,https://gadebate.un.org/sites/default/files/gastatements/78/gr_en.pdf,2300,0,0,1,0,0,1,0,0,1,0,0,0,0,0,0,0,0,0,0,0,0,0,0,0,0,0,0,0,0,1,2,2,4,2,0,3,3
2023,grenada,https://gadebate.un.org/sites/default/files/gastatements/78/gd_en.pdf,2651,0,0,1,0,0,0,0,0,1,0,0,0,0,1,0,0,0,0,0,0,0,1,0,0,0,0,0,0,0,0,2,9,3,6,2,7,8
2023,guinea-bissau,https://gadebate.un.org/sites/default/files/gastatements/78/gw_en_0.pdf,921,0,0,0,0,0,0,0,0,0,0,0,0,0,0,0,0,0,0,0,0,0,0,0,0,0,0,0,0,0,0,1,5,2,5,1,2,7
2023,guyana,https://gadebate.un.org/sites/default/files/gastatements/78/gy_en.pdf,2356,0,0,0,0,0,1,0,0,0,0,0,0,0,0,0,0,0,0,0,0,0,0,0,0,0,0,0,0,0,4,0,12,9,6,0,8,10
2023,holy-see,https://gadebate.un.org/sites/default/files/gastatements/78/va_en_0.pdf,3590,0,0,0,0,0,3,0,0,0,0,0,0,1,0,0,0,0,0,0,0,0,0,0,0,0,0,0,0,0,1,3,7,7,16,11,3,11
2023,hungary,https://gadebate.un.org/sites/default/files/gastatements/78/hu_en.pdf,1163,0,0,0,0,0,0,0,0,0,0,0,0,0,0,0,0,0,0,0,0,0,0,0,0,0,0,0,0,0,0,0,0,6,11,0,4,13
2023,iceland,https://gadebate.un.org/sites/default/files/gastatements/78/is_en.pdf,2127,1,0,0,0,0,1,0,0,0,0,0,0,0,0,0,0,0,0,0,0,0,0,0,0,0,0,0,0,0,0,1,3,3,1,1,2,17
2023,india,https://gadebate.un.org/sites/default/files/gastatements/78/in_en.pdf,1714,0,0,0,1,1,0,1,0,0,0,1,0,0,0,0,0,0,0,0,0,0,0,0,0,0,0,0,0,0,0,2,8,4,0,1,2,2
2023,indonesia,https://gadebate.un.org/sites/default/files/gastatements/78/id_en.pdf,1071,0,0,0,0,1,0,0,0,0,0,0,0,0,0,0,0,0,0,0,0,0,0,0,0,0,0,0,0,0,2,4,2,0,2,0,2,4
2023,iran-islamic-republic,https://gadebate.un.org/sites/default/files/gastatements/78/ir_en.pdf,3020,0,0,0,0,0,0,0,0,0,0,0,0,0,0,0,0,0,0,0,0,0,0,0,0,0,0,0,0,0,0,8,4,14,1,0,3,8
2023,ireland,https://gadebate.un.org/sites/default/files/gastatements/78/ie_en.pdf,1947,0,1,1,0,0,0,0,0,0,0,0,0,1,0,0,0,0,0,0,0,0,0,0,0,0,0,0,0,0,0,2,4,8,12,0,1,5
2023,israel,https://gadebate.un.org/sites/default/files/gastatements/78/il_en.pdf,2565,0,0,0,0,0,0,2,0,0,0,0,1,0,0,0,0,0,0,0,0,0,0,0,0,0,0,0,0,0,0,0,1,1,40,0,1,14
2023,jamaica,https://gadebate.un.org/sites/default/files/gastatements/78/jm_en.pdf,3039,0,2,1,0,0,1,0,0,2,0,0,0,0,1,0,3,0,0,0,0,0,1,0,0,0,0,0,0,2,0,2,10,10,13,2,12,22
2023,japan,https://gadebate.un.org/sites/default/files/gastatements/78/jp_en.pdf,1969,0,0,0,1,0,0,0,0,0,0,0,0,0,0,0,1,0,0,0,0,0,0,0,0,0,0,2,0,0,0,14,2,13,6,1,11,10
2023,kazakhstan,https://gadebate.un.org/sites/default/files/gastatements/78/kz_en.pdf,1875,0,1,0,0,0,1,0,0,0,0,0,0,1,1,0,0,0,0,0,0,0,1,0,0,0,0,0,0,0,1,6,4,8,6,4,5,5
2023,kenya,https://gadebate.un.org/sites/default/files/gastatements/78/ke_en.pdf,2432,1,0,0,0,0,1,0,0,0,0,1,0,0,2,0,0,0,0,0,0,0,0,0,0,0,0,0,0,0,1,0,13,13,16,1,9,18
2023,kiribati,https://gadebate.un.org/sites/default/files/gastatements/78/ki_en.pdf,1805,0,0,0,1,0,0,1,0,0,0,0,0,0,0,0,0,0,0,1,0,0,0,0,0,0,0,0,0,0,0,1,14,4,12,0,5,13
2023,lao-peoples-democratic-republic,https://gadebate.un.org/sites/default/files/gastatements/78/la_en.pdf,1244,0,0,0,0,0,0,1,0,1,1,0,0,0,0,0,0,0,0,0,0,0,0,0,0,0,0,0,0,0,0,2,15,2,3,0,4,2
2023,latvia,https://gadebate.un.org/sites/default/files/gastatements/78/lv_en.pdf,1567,0,0,0,0,0,0,0,0,0,0,1,0,0,0,0,0,0,0,0,0,0,0,0,0,0,0,1,0,0,2,5,4,11,4,2,12,5
2023,lesotho,https://gadebate.un.org/sites/default/files/gastatements/78/ls_en.pdf,1885,0,0,0,1,0,1,0,1,1,0,0,0,0,0,0,0,0,0,0,1,0,0,0,0,0,0,0,0,0,0,4,11,7,9,0,4,8
2023,liberia,https://gadebate.un.org/sites/default/files/gastatements/78/lr_en.pdf,1467,0,1,0,0,0,0,0,0,0,0,0,0,1,0,0,0,0,0,0,0,0,0,0,0,0,0,0,0,0,0,0,14,3,9,0,8,4
2023,liechtenstein,https://gadebate.un.org/sites/default/files/gastatements/78/li_en.pdf,1900,1,0,0,0,0,0,0,0,0,0,0,0,0,0,0,0,0,0,0,0,0,0,0,0,0,0,0,0,0,1,0,3,8,11,1,2,5
2023,lithuania,https://gadebate.un.org/sites/default/files/gastatements/78/lt_en.pdf,1221,0,1,1,0,0,0,0,0,0,0,0,0,0,1,0,0,0,0,0,0,0,0,0,0,0,0,0,0,0,1,2,3,3,9,0,5,1
2023,malawi,https://gadebate.un.org/sites/default/files/gastatements/78/mw_en_0.pdf,1460,0,0,0,0,0,0,0,0,0,0,0,0,0,0,0,0,0,0,0,0,0,0,0,0,0,0,0,0,0,0,0,8,3,1,0,4,2
2023,malaysia,https://gadebate.un.org/sites/default/files/gastatements/78/my_en.pdf,1704,0,0,0,0,1,0,0,0,0,0,0,0,2,0,0,0,0,0,1,0,0,0,0,0,0,0,0,0,0,1,1,1,1,6,1,2,6
2023,maldives,https://gadebate.un.org/sites/default/files/gastatements/78/mv_en.pdf,1910,1,2,0,0,0,1,0,0,0,0,0,0,0,1,0,0,0,0,0,1,0,1,0,0,0,0,0,0,0,0,1,6,8,6,1,6,3
2023,malta,https://gadebate.un.org/sites/default/files/gastatements/78/mt_en.pdf,3252,0,0,0,0,0,0,2,0,0,0,0,2,2,0,0,0,0,0,0,0,0,0,0,0,0,0,1,0,0,1,1,1,17,5,0,7,13
2023,marshall-islands,https://gadebate.un.org/sites/default/files/gastatements/78/mh_en.pdf,2090,1,0,0,0,0,0,0,0,0,0,0,0,0,0,0,0,0,0,0,0,0,0,0,0,0,0,0,0,0,0,0,1,6,7,3,3,12
2023,mauritius,https://gadebate.un.org/sites/default/files/gastatements/78/mu_en.pdf,2030,0,2,1,0,1,2,1,0,0,0,0,1,0,0,0,0,0,0,1,0,0,0,0,0,0,0,1,1,0,1,1,8,4,4,1,3,4
2023,micronesia-federated-states,https://gadebate.un.org/sites/default/files/gastatements/78/fm_en.pdf,2164,0,0,0,0,0,0,0,0,0,0,0,0,0,0,0,0,0,0,1,0,0,0,0,0,0,0,0,0,0,0,0,3,16,4,0,5,3
2023,mongolia,https://gadebate.un.org/sites/default/files/gastatements/78/mn_en.pdf,2369,0,0,0,0,0,4,0,0,0,1,0,0,2,0,0,1,0,0,0,0,0,0,0,0,0,0,0,0,2,0,4,18,20,20,4,7,3
2023,montenegro,https://gadebate.un.org/sites/default/files/gastatements/78/me_en_0.pdf,1656,0,0,0,0,0,2,0,0,0,0,0,0,0,0,0,0,0,0,0,0,0,0,0,0,0,0,0,0,1,0,1,7,4,10,1,7,0
2023,mozambique,https://gadebate.un.org/sites/default/files/gastatements/78/mz_en.pdf,1917,0,0,0,0,0,1,0,0,0,0,0,0,1,1,0,0,0,0,0,0,0,0,0,0,0,0,0,0,0,0,0,5,9,12,1,6,7
2023,namibia,https://gadebate.un.org/sites/default/files/gastatements/78/na_en.pdf,1561,0,0,0,0,1,1,1,0,0,1,0,0,0,0,0,0,0,0,0,0,0,0,0,0,0,0,0,0,0,0,0,12,0,4,0,5,9
2023,nauru,https://gadebate.un.org/sites/default/files/gastatements/78/nr_en_0.pdf,2307,0,0,0,0,0,0,0,0,0,0,0,0,0,1,0,0,0,0,0,0,1,0,0,0,0,0,0,0,1,0,1,15,4,4,0,10,5
2023,nepal,https://gadebate.un.org/sites/default/files/gastatements/78/np_en.pdf,1843,0,0,1,0,0,1,0,0,0,0,0,0,0,0,0,0,0,0,0,0,0,0,0,0,0,0,0,0,0,2,3,9,4,19,0,4,6
2023,netherlands,https://gadebate.un.org/sites/default/files/gastatements/78/nl_en.pdf,1567,0,0,0,0,0,0,0,0,0,0,0,0,0,0,0,0,0,0,0,0,1,0,0,0,0,0,0,0,0,0,0,1,3,7,0,7,8
2023,new-zealand,https://gadebate.un.org/sites/default/files/gastatements/78/nz_en.pdf,2314,0,2,0,0,0,0,0,0,0,0,2,0,1,1,0,0,0,0,0,0,0,0,0,0,0,0,0,0,0,3,1,11,3,1,0,5,7
2023,nigeria,https://gadebate.un.org/sites/default/files/gastatements/78/ng_en.pdf,1403,0,0,0,0,0,1,0,0,0,0,0,0,0,0,0,0,0,0,0,0,0,0,0,0,0,0,0,0,0,0,2,4,2,3,0,1,13
2023,norway,https://gadebate.un.org/sites/default/files/gastatements/78/no_en.pdf,1610,0,0,0,0,0,0,0,0,0,0,0,0,0,0,0,0,0,0,0,0,0,0,0,0,0,0,0,0,0,0,3,5,6,6,6,7,4
2023,pakistan,https://gadebate.un.org/sites/default/files/gastatements/78/pk_en.pdf,1664,0,0,0,0,0,0,0,0,0,0,0,0,0,1,0,0,0,0,0,0,0,0,0,0,0,0,0,0,1,2,4,5,6,5,0,1,2
2023,palau,https://gadebate.un.org/sites/default/files/gastatements/78/pw_en.pdf,1387,0,0,0,0,0,0,0,0,0,0,0,0,0,0,0,0,0,0,2,0,0,0,0,0,0,0,0,0,0,0,0,5,4,3,0,1,4
2023,papua-new-guinea,https://gadebate.un.org/sites/default/files/gastatements/78/pg_en.pdf,4462,0,0,1,1,0,0,1,0,1,0,0,0,0,0,0,0,0,0,4,0,0,0,0,0,0,0,0,0,0,0,1,64,9,11,1,28,14
2023,philippines,https://gadebate.un.org/sites/default/files/gastatements/78/ph_en.pdf,2005,0,1,0,0,0,4,1,0,0,1,1,0,1,0,0,0,0,0,0,0,0,0,0,0,0,0,0,0,0,1,5,10,5,4,2,5,5
2023,poland,https://gadebate.un.org/sites/default/files/gastatements/78/pl_en.pdf,2529,1,0,0,0,0,0,0,1,0,0,0,0,0,0,0,0,0,0,0,0,0,0,0,0,0,0,0,0,2,0,5,6,4,6,0,12,8
2023,republic-korea,https://gadebate.un.org/sites/default/files/gastatements/78/kr_en.pdf,1671,0,0,0,0,0,1,1,0,0,0,0,0,0,0,0,0,0,0,0,0,0,1,0,0,0,0,0,0,0,0,1,10,9,10,0,8,2
2023,republic-moldova,https://gadebate.un.org/sites/default/files/gastatements/78/md_en.pdf,1007,0,0,1,1,0,0,0,0,0,0,0,0,0,1,0,0,0,0,1,0,0,0,0,0,0,0,0,0,0,1,0,0,4,3,0,5,1
2023,republic-north-macedonia,https://gadebate.un.org/sites/default/files/gastatements/78/mk_en.pdf,1743,0,0,0,0,0,1,0,0,0,0,0,0,1,0,0,0,0,0,0,0,0,0,0,0,0,0,0,0,0,2,3,4,5,7,4,3,3
2023,romania,https://gadebate.un.org/sites/default/files/gastatements/78/ro_en.pdf,1197,0,0,0,0,0,0,0,0,0,0,0,0,1,0,0,0,0,0,0,0,0,0,0,0,0,0,0,0,0,0,0,6,7,2,0,7,2
2023,rwanda,https://gadebate.un.org/sites/default/files/gastatements/78/rw_en.pdf,798,0,0,0,0,0,0,0,0,0,0,0,0,1,0,0,0,0,0,0,0,0,0,0,0,0,0,0,0,0,0,2,3,0,2,0,1,1
2023,saint-kitts-and-nevis,https://gadebate.un.org/sites/default/files/gastatements/78/kn_en.pdf,1876,0,0,0,0,0,0,0,0,0,0,0,0,0,0,0,0,0,0,0,0,0,0,0,0,0,0,0,0,0,0,2,9,8,3,1,2,16
2023,saint-lucia,https://gadebate.un.org/sites/default/files/gastatements/78/lc_en.pdf,2708,0,0,0,0,0,0,0,0,0,0,0,0,0,1,0,0,0,0,0,0,0,0,0,0,0,0,0,0,0,0,1,17,4,6,1,6,18
2023,saint-vincent-and-grenadines,https://gadebate.un.org/sites/default/files/gastatements/78/vc_en.pdf,3992,0,0,0,0,0,0,1,1,0,0,0,0,1,0,0,1,0,0,0,0,0,0,0,0,0,0,0,0,1,0,1,7,10,8,0,2,16
2023,samoa,https://gadebate.un.org/sites/default/files/gastatements/78/ws_en.pdf,1756,0,0,1,0,0,0,0,0,0,1,1,0,0,0,0,0,0,0,0,0,1,0,0,0,0,0,0,0,0,0,3,4,3,2,0,6,9
2023,san-marino,https://gadebate.un.org/sites/default/files/gastatements/78/sm_en.pdf,1873,0,0,0,0,0,1,0,0,0,0,0,0,0,0,0,0,0,0,0,0,0,0,0,0,0,0,0,0,0,1,2,5,9,5,2,7,4
2023,serbia,https://gadebate.un.org/sites/default/files/gastatements/78/rs_en.pdf,4410,0,0,0,0,0,0,0,0,0,0,0,0,0,0,0,0,0,0,0,0,0,0,0,0,0,0,1,0,0,4,6,13,6,11,8,12,5
2023,seychelles,https://gadebate.un.org/sites/default/files/gastatements/78/sc_en_0.pdf,1539,0,3,1,0,0,2,2,0,0,0,2,0,0,1,0,1,0,0,0,1,0,0,0,0,0,0,1,0,0,0,7,14,4,8,0,4,2
2023,sierra-leone,https://gadebate.un.org/sites/default/files/gastatements/78/sl_en.pdf,2682,2,3,2,1,0,2,0,2,0,1,0,1,4,0,0,1,0,0,1,1,0,1,0,0,0,0,1,0,1,3,3,11,15,14,6,3,4
2023,singapore,https://gadebate.un.org/sites/default/files/gastatements/78/sg_en.pdf,1957,0,0,0,0,0,0,2,0,0,0,0,0,1,0,0,0,0,0,0,0,0,0,1,0,0,0,0,0,0,0,1,0,3,2,1,4,4
2023,slovakia,https://gadebate.un.org/sites/default/files/gastatements/78/sk_en.pdf,1089,0,0,0,0,0,0,0,0,0,0,0,0,0,0,0,0,0,0,0,0,0,0,0,0,0,0,0,0,0,0,0,2,3,6,0,0,3
2023,slovenia,https://gadebate.un.org/sites/default/files/gastatements/78/si_en.pdf,1967,0,0,0,0,0,0,0,0,0,0,0,0,1,0,0,0,0,0,0,0,0,0,0,0,0,0,0,0,0,0,0,4,9,3,0,0,1
2023,solomon-islands,https://gadebate.un.org/sites/default/files/gastatements/78/sb_en.pdf,2716,2,0,0,1,0,0,0,0,0,0,3,0,0,0,0,1,0,0,0,1,0,0,0,0,0,0,0,0,0,0,1,16,4,8,0,12,13
2023,south-africa,https://gadebate.un.org/sites/default/files/gastatements/78/za_en.pdf,1750,0,0,0,0,0,1,0,0,0,0,0,0,0,0,1,0,0,0,0,0,0,0,0,0,0,0,0,0,0,0,2,8,4,10,2,11,9
2023,south-sudan,https://gadebate.un.org/sites/default/files/gastatements/78/ss_en.pdf,873,0,0,0,0,0,0,0,0,0,0,0,0,0,0,0,0,0,0,0,0,0,0,0,0,0,0,0,0,0,0,1,2,3,6,1,1,4
2023,sri-lanka,https://gadebate.un.org/sites/default/files/gastatements/78/lk_en.pdf,1936,0,0,0,0,0,0,0,0,0,1,0,0,0,0,0,0,0,0,0,0,0,0,0,0,0,0,1,0,0,0,1,7,7,2,1,1,4
2023,suriname,https://gadebate.un.org/sites/default/files/gastatements/78/sr_en.pdf,1527,0,0,0,0,0,0,1,1,0,0,1,0,0,0,0,0,0,0,0,0,0,0,0,0,0,0,0,0,0,0,1,2,4,1,2,0,4
2023,sweden,https://gadebate.un.org/sites/default/files/gastatements/78/se_en.pdf,1595,0,0,0,0,0,0,1,0,0,0,0,0,0,0,0,0,0,0,0,0,0,0,0,0,0,0,0,0,0,0,0,17,9,3,1,6,2
2023,thailand,https://gadebate.un.org/sites/default/files/gastatements/78/th_en.pdf,1340,0,0,0,0,0,1,0,0,0,0,0,0,0,0,0,0,0,0,0,0,0,0,0,0,0,0,0,0,0,0,3,10,2,10,0,1,7
2023,timor-leste,https://gadebate.un.org/sites/default/files/gastatements/78/tl_en.pdf,3298,0,0,0,0,0,1,0,0,1,0,0,0,1,0,0,0,0,0,0,0,0,0,0,0,0,0,0,0,0,1,3,11,15,7,0,3,10
2023,tonga,https://gadebate.un.org/sites/default/files/gastatements/78/to_en.pdf,2839,0,0,0,0,0,2,0,0,0,0,0,0,1,1,0,0,1,0,1,0,0,1,0,0,0,0,0,0,0,0,2,15,2,5,1,11,8
2023,turkiye,https://gadebate.un.org/sites/default/files/gastatements/78/tr_en.pdf,3510,0,0,0,0,0,0,0,0,0,0,0,0,0,0,0,0,0,0,0,0,0,0,0,0,1,0,0,0,0,1,8,8,13,13,3,15,15
2023,tuvalu,https://gadebate.un.org/sites/default/files/gastatements/78/tv_en.pdf,2441,1,3,0,0,1,2,1,1,0,0,1,0,1,0,0,0,0,0,1,0,0,1,0,0,0,0,0,0,2,3,3,12,1,5,1,7,11
2023,uganda,https://gadebate.un.org/sites/default/files/gastatements/78/ug_en.pdf,1790,0,0,1,0,0,0,0,0,1,0,0,0,0,0,0,0,0,0,1,0,0,0,0,0,0,0,0,0,0,1,6,12,3,2,1,8,4
2023,ukraine,https://gadebate.un.org/sites/default/files/gastatements/78/ua_en_rev.pdf,1541,0,0,0,0,0,0,0,0,0,0,0,0,0,0,0,0,0,0,0,0,0,0,0,0,0,0,0,0,0,1,0,0,4,8,0,2,6
2023,united-kingdom-great-britain-and-northern-ireland,https://gadebate.un.org/sites/default/files/gastatements/78/gb_en.pdf,1983,0,0,0,0,0,0,1,0,0,0,1,0,0,0,0,0,0,0,0,0,0,0,0,1,0,0,0,0,0,0,0,2,3,0,0,2,7
2023,united-republic-tanzania,https://gadebate.un.org/sites/default/files/gastatements/78/tz_en.pdf,1552,0,1,1,1,0,0,1,0,0,0,0,0,0,0,0,0,0,0,0,0,0,0,0,0,0,0,0,0,0,1,0,2,4,12,1,3,4
2023,united-states-america,https://gadebate.un.org/sites/default/files/gastatements/78/us_en_0.pdf,0,0,0,0,0,0,0,0,0,0,0,0,0,0,0,0,0,0,0,0,0,0,0,0,0,0,0,0,0,0,0,0,0,0,0,0,0,0
2023,zambia,https://gadebate.un.org/sites/default/files/gastatements/78/zm_en.pdf,1814,0,0,0,0,0,2,1,1,0,0,2,0,1,0,0,1,0,0,0,0,0,0,0,0,0,0,1,0,0,0,5,12,6,5,0,1,3
2023,zimbabwe,https://gadebate.un.org/sites/default/files/gastatements/78/zw_en_0.pdf,1339,0,0,0,0,0,0,1,0,0,0,1,0,0,0,0,0,0,0,0,0,0,0,0,0,0,0,0,0,0,0,1,6,5,5,0,3,7
2024,albania,https://gadebate.un.org/sites/default/files/gastatements/79/al_en.pdf,1844,0,0,0,0,0,0,0,0,0,0,0,0,0,0,0,0,0,0,0,0,0,0,0,0,0,0,0,0,0,0,1,2,3,12,1,5,7
2024,angola,https://gadebate.un.org/sites/default/files/gastatements/79/ao_en.pdf,2948,0,0,0,0,0,0,0,0,1,1,0,0,1,0,0,0,0,1,0,0,0,0,0,0,0,0,0,0,0,2,3,16,12,18,3,0,7
2024,antigua-and-barbuda,https://gadebate.un.org/sites/default/files/gastatements/79/ag_en.pdf,2046,0,1,0,1,0,0,0,0,0,0,0,0,0,0,0,0,0,0,0,0,0,0,0,0,0,0,0,1,1,0,2,1,1,12,0,6,0
2024,armenia,https://gadebate.un.org/sites/default/files/gastatements/79/am_en.pdf,1381,0,0,0,0,0,0,0,0,0,0,0,0,0,0,0,0,0,0,0,0,0,0,0,0,0,0,0,0,0,1,0,1,1,25,0,0,6
2024,australia,https://gadebate.un.org/sites/default/files/gastatements/79/au_en.pdf,3338,0,0,0,0,0,0,0,0,0,0,0,0,0,0,0,0,0,0,0,0,0,0,0,0,0,0,0,0,0,6,0,8,14,21,3,11,16
2024,austria,https://gadebate.un.org/sites/default/files/gastatements/79/at_en.pdf,1231,0,0,0,0,0,0,0,0,0,0,0,0,0,0,0,0,0,0,0,0,0,0,0,0,0,0,1,0,0,0,1,1,3,4,1,0,3
2024,bahamas,https://gadebate.un.org/sites/default/files/gastatements/79/bs_en.pdf,1307,0,0,0,0,0,0,0,0,0,0,0,0,0,0,0,0,0,0,0,0,0,0,0,0,0,0,0,0,0,0,1,3,10,1,0,3,2
2024,bangladesh,https://gadebate.un.org/sites/default/files/gastatements/79/bd_en.pdf,3093,0,1,0,0,0,1,0,0,0,0,2,0,1,1,0,0,0,0,0,0,0,0,0,0,0,0,0,0,0,0,5,7,7,13,1,3,29
2024,belize,https://gadebate.un.org/sites/default/files/gastatements/79/bz_en.pdf,1843,0,0,0,0,0,1,0,0,0,0,1,0,0,0,0,0,0,0,0,0,0,0,0,0,0,0,0,0,0,2,2,8,3,3,0,5,15
2024,bhutan,https://gadebate.un.org/sites/default/files/gastatements/79/bt_en.pdf,1013,0,1,1,0,0,1,0,0,0,1,1,0,1,0,0,0,0,0,0,0,0,0,0,0,0,0,0,0,0,0,0,6,3,2,0,8,1
2024,bosnia-and-herzegovina,https://gadebate.un.org/sites/default/files/gastatements/79/ba_en.pdf,964,0,0,0,0,0,1,0,0,0,0,0,0,0,0,0,0,0,0,0,0,0,0,0,0,0,0,0,0,0,3,3,0,1,4,1,1,2
2024,botswana,https://gadebate.un.org/sites/default/files/gastatements/79/bw_en.pdf,1562,0,0,0,0,0,0,0,0,0,0,0,0,0,0,0,0,0,0,1,0,0,0,0,0,0,0,1,0,0,1,1,15,2,8,1,5,2
2024,bulgaria,https://gadebate.un.org/sites/default/files/gastatements/79/bg_en.pdf,1439,0,0,0,0,0,1,0,0,0,1,0,0,0,0,0,0,0,0,0,0,0,0,0,0,0,0,0,0,0,0,1,10,7,9,2,4,2
2024,cambodia,https://gadebate.un.org/sites/default/files/gastatements/79/kh_en.pdf,1700,0,1,2,0,0,1,0,0,0,1,0,0,0,1,0,0,0,0,0,0,0,0,0,0,0,0,0,0,0,0,3,12,6,13,4,9,3
2024,croatia,https://gadebate.un.org/sites/default/files/gastatements/79/hr_en.pdf,2757,1,0,1,0,1,1,1,0,0,0,0,1,0,0,0,1,0,0,1,0,1,0,0,0,0,0,0,0,2,1,3,15,14,17,0,6,4
2024,cyprus,https://gadebate.un.org/sites/default/files/gastatements/79/cy_en.pdf,2471,0,1,2,0,0,0,0,2,0,1,2,0,0,0,0,0,0,0,0,0,0,0,0,0,0,0,0,0,0,4,5,1,9,26,0,4,4
2024,czech-republic,https://gadebate.un.org/sites/default/files/gastatements/79/cz_en.pdf,1041,0,0,0,0,0,1,0,0,0,0,0,0,0,0,0,0,0,0,0,0,0,0,0,0,0,0,0,0,0,1,2,2,11,7,0,1,1
2024,czechia,https://gadebate.un.org/sites/default/files/gastatements/79/cz_en.pdf,1041,0,0,0,0,0,1,0,0,0,0,0,0,0,0,0,0,0,0,0,0,0,0,0,0,0,0,0,0,0,1,2,2,11,7,0,1,1
2024,democratic-peoples-republic-korea,https://gadebate.un.org/sites/default/files/gastatements/79/kp_en.pdf,2005,0,0,0,0,0,0,0,0,0,1,0,0,0,0,0,0,0,1,0,0,0,0,0,0,0,0,0,0,0,1,3,14,10,8,1,2,4
2024,denmark,https://gadebate.un.org/sites/default/files/gastatements/79/dk_en.pdf,1519,0,0,0,0,0,0,0,0,0,0,0,0,0,0,0,0,0,0,0,0,0,0,0,0,0,0,0,0,0,0,2,6,6,7,1,7,6
2024,dominica,https://gadebate.un.org/sites/default/files/gastatements/79/dm_en.pdf,2498,0,0,1,0,0,1,0,0,0,0,0,1,0,0,0,0,0,0,1,0,0,0,0,0,0,0,0,0,0,2,2,11,1,10,1,7,25
2024,eritrea,https://gadebate.un.org/sites/default/files/gastatements/79/er_en.pdf,1096,0,0,0,0,0,0,0,0,0,0,0,0,1,0,0,0,1,0,0,0,0,0,0,0,0,0,0,1,0,0,0,0,0,6,0,0,9
2024,estonia,https://gadebate.un.org/sites/default/files/gastatements/79/ee_en.pdf,1948,0,0,0,0,0,1,0,0,0,0,0,0,0,0,0,0,0,0,0,0,0,0,0,0,0,0,0,0,0,1,0,0,17,9,1,3,1
2024,eswatini,https://gadebate.un.org/sites/default/files/gastatements/79/sz_en.pdf,1891,0,1,0,1,0,1,1,0,0,0,0,0,1,1,0,0,0,0,1,0,0,0,0,0,0,0,0,0,1,0,0,24,4,8,1,9,6
2024,fiji,https://gadebate.un.org/sites/default/files/gastatements/79/fj_en.pdf,1570,0,1,0,1,0,1,0,0,0,0,0,0,1,0,0,0,0,0,0,0,0,0,0,0,0,0,0,0,0,1,2,7,2,8,0,2,4
2024,gambia-republic,https://gadebate.un.org/sites/default/files/gastatements/79/gm_en.pdf,1757,0,0,1,0,0,0,0,1,0,0,1,0,0,1,0,0,0,0,1,0,0,0,0,0,0,0,0,0,0,0,3,13,4,9,4,6,1
2024,georgia,https://gadebate.un.org/sites/default/files/gastatements/79/ge_en.pdf,1144,0,1,0,0,0,0,0,0,0,0,0,0,0,1,0,0,0,0,0,1,0,0,0,0,0,0,0,0,1,1,1,3,0,2,0,4,4
2024,germany,https://gadebate.un.org/sites/default/files/gastatements/79/de_en.pdf,2306,0,0,0,0,0,0,0,0,0,0,0,0,0,0,0,0,0,0,0,0,1,0,0,0,0,0,0,0,0,0,2,0,17,6,0,3,1
2024,ghana,https://gadebate.un.org/sites/default/files/gastatements/79/gh_en.pdf,1911,0,0,0,0,0,0,0,2,1,2,0,0,1,0,0,0,0,0,0,0,0,0,0,0,0,0,0,0,1,0,0,6,13,9,0,3,7
2024,greece,https://gadebate.un.org/sites/default/files/gastatements/79/gr_en.pdf,2761,0,1,0,0,0,0,0,0,0,0,0,0,0,0,0,0,0,0,0,1,0,0,0,0,0,0,0,0,0,4,2,2,19,9,3,4,6
2024,grenada,https://gadebate.un.org/sites/default/files/gastatements/79/gd_en_0.pdf,2097,0,0,0,1,0,0,1,0,0,0,0,0,0,0,0,0,0,0,0,0,0,0,0,0,0,0,0,0,0,0,2,1,3,1,0,8,14
2024,guinea-bissau,https://gadebate.un.org/sites/default/files/gastatements/79/gw_en.pdf,900,0,0,1,0,0,1,0,0,0,1,0,0,0,0,0,0,0,0,0,0,0,0,0,0,0,0,0,0,0,0,2,5,2,2,1,3,3
2024,guyana,https://gadebate.un.org/sites/default/files/gastatements/79/gy_en.pdf,1938,0,1,0,1,0,0,0,1,0,0,0,0,0,0,0,0,0,0,0,0,0,0,0,1,0,0,0,1,1,0,0,10,10,12,0,3,6
2024,holy-see,https://gadebate.un.org/sites/default/files/gastatements/79/va_en.pdf,5480,0,1,0,0,0,5,0,0,0,0,0,0,1,1,0,0,0,0,1,0,0,0,0,0,0,0,2,0,2,2,1,4,7,27,10,9,15
2024,iceland,https://gadebate.un.org/sites/default/files/gastatements/79/is_en.pdf,2464,0,0,1,0,0,0,0,0,0,0,0,0,1,1,0,0,0,0,0,0,0,0,0,0,0,0,1,0,0,0,3,4,4,6,0,3,7
2024,india,https://gadebate.un.org/sites/default/files/gastatements/79/in_en.pdf,1631,0,0,0,0,0,0,0,0,0,1,1,0,1,0,1,0,0,0,0,0,0,0,0,0,0,0,0,0,0,1,0,3,4,4,0,4,4
2024,indonesia,https://gadebate.un.org/sites/default/files/gastatements/79/id_en.pdf,1273,0,0,0,0,0,1,0,0,0,0,0,0,0,0,0,0,0,0,0,0,0,0,0,0,0,0,0,0,0,0,3,4,8,17,0,2,6
2024,iran-islamic-republic,https://gadebate.un.org/sites/default/files/gastatements/79/ir_en.pdf,1738,0,1,0,0,0,0,0,0,1,0,0,0,0,0,0,0,0,0,0,0,0,0,0,0,0,0,0,0,0,0,0,3,7,9,2,3,17
2024,ireland,https://gadebate.un.org/sites/default/files/gastatements/79/ie_en.pdf,98,0,0,0,0,0,0,0,0,0,0,0,0,0,0,0,0,0,0,0,0,0,0,0,0,0,0,0,0,0,0,0,0,0,0,0,0,0
2024,jamaica,https://gadebate.un.org/sites/default/files/gastatements/79/jm_en.pdf,1976,0,1,0,0,0,0,0,0,1,0,0,0,0,0,0,0,0,0,0,0,0,0,0,0,0,0,0,0,0,0,4,7,7,6,2,3,2
2024,japan,https://gadebate.un.org/sites/default/files/gastatements/79/jp_en.pdf,2158,0,1,0,1,0,1,0,0,0,0,0,0,0,1,0,0,0,0,1,0,0,0,0,0,0,0,0,0,0,0,5,11,17,12,1,7,0
2024,kazakhstan,https://gadebate.un.org/sites/default/files/gastatements/79/kz_en.pdf,1144,0,1,0,0,0,0,0,0,0,1,0,1,0,0,0,0,0,0,1,0,0,1,0,0,0,0,0,0,0,0,3,7,3,2,2,0,2
2024,kenya,https://gadebate.un.org/sites/default/files/gastatements/79/ke_en_0.pdf,2859,0,2,0,1,0,0,1,0,0,1,2,1,1,1,0,0,0,0,1,0,1,0,0,0,0,0,0,0,0,1,7,12,19,15,1,16,6
2024,kiribati,https://gadebate.un.org/sites/default/files/gastatements/79/ki_en.pdf,2951,0,1,2,0,0,1,0,0,0,0,0,0,3,0,0,0,0,0,1,0,0,0,0,0,0,0,2,0,0,5,3,26,11,21,1,7,12
2024,lao-peoples-democratic-republic,https://gadebate.un.org/sites/default/files/gastatements/79/la_en.pdf,2054,0,1,1,0,0,0,0,0,0,2,0,0,0,0,0,0,0,0,0,0,0,1,0,0,0,0,0,0,0,1,7,24,5,12,1,9,7
2024,lesotho,https://gadebate.un.org/sites/default/files/gastatements/79/ls_en.pdf,1563,0,1,0,1,2,2,0,0,0,0,0,0,0,0,0,0,0,0,0,0,0,0,0,0,0,0,0,0,0,0,2,5,7,20,1,4,3
2024,liberia,https://gadebate.un.org/sites/default/files/gastatements/79/lr_en.pdf,1766,0,0,1,0,0,2,0,0,1,0,0,0,0,1,0,0,0,0,0,0,0,0,0,1,0,0,0,0,1,0,2,8,9,14,1,6,2
2024,lithuania,https://gadebate.un.org/sites/default/files/gastatements/79/lt_en.pdf,1338,0,1,1,0,0,0,0,0,0,0,0,0,0,0,0,0,0,0,0,0,0,0,0,0,0,0,0,0,0,3,0,2,8,10,0,3,2
2024,malawi,https://gadebate.un.org/sites/default/files/gastatements/79/mw_en.pdf,1545,1,0,0,0,0,1,0,0,0,0,0,0,0,0,0,0,0,0,0,0,0,0,0,0,0,0,0,0,0,0,25,6,2,1,0,2,1
2024,malaysia,https://gadebate.un.org/sites/default/files/gastatements/79/my_en_0.pdf,1948,0,0,0,0,0,0,0,0,0,1,0,0,1,0,0,1,0,0,0,0,0,0,0,0,0,0,0,0,0,0,1,8,7,10,5,3,3
2024,maldives,https://gadebate.un.org/sites/default/files/gastatements/79/mv_en.pdf,2214,0,0,0,0,0,2,0,0,0,0,0,0,0,1,0,0,0,0,0,0,0,0,0,0,0,0,0,0,0,0,0,15,1,1,0,7,8
2024,malta,https://gadebate.un.org/sites/default/files/gastatements/79/mt_en.pdf,3340,1,1,1,0,0,0,1,0,0,0,0,1,0,0,0,0,0,0,0,0,0,0,0,0,0,0,0,0,0,0,0,0,13,13,0,6,9
2024,marshall-islands,https://gadebate.un.org/sites/default/files/gastatements/79/mh_en.pdf,1999,0,0,0,0,0,0,0,0,0,0,0,0,0,0,0,0,0,0,0,0,0,0,0,0,0,0,0,0,0,0,1,0,8,1,0,6,4
2024,mauritius,https://gadebate.un.org/sites/default/files/gastatements/79/mu_en.pdf,1321,0,0,0,1,0,0,0,0,0,0,2,0,0,0,0,0,0,0,1,0,0,0,0,0,0,0,0,0,0,1,0,3,3,4,1,1,1
2024,micronesia-federated-states,https://gadebate.un.org/sites/default/files/gastatements/79/fm_en.pdf,2490,0,1,0,0,0,0,0,0,0,1,0,1,1,1,0,0,0,0,0,0,0,0,0,0,0,0,1,0,0,3,2,4,8,12,1,8,12
2024,mongolia,https://gadebate.un.org/sites/default/files/gastatements/79/mn_en.pdf,2493,0,0,0,0,0,2,0,0,0,0,0,0,1,0,0,0,0,0,0,0,0,0,0,0,0,0,0,0,0,0,5,22,14,13,4,7,1
2024,montenegro,https://gadebate.un.org/sites/default/files/gastatements/79/me_en.pdf,2328,0,0,1,0,0,0,0,0,0,0,0,0,0,0,0,0,0,0,0,0,0,0,0,0,0,0,0,0,0,1,2,5,16,24,1,11,1
2024,namibia,https://gadebate.un.org/sites/default/files/gastatements/79/na_en.pdf,809,0,0,0,0,0,0,0,0,0,0,0,0,1,0,0,0,0,0,0,0,0,0,0,0,0,0,0,0,0,0,1,2,3,2,1,3,2
2024,nauru,https://gadebate.un.org/sites/default/files/gastatements/79/nr_en.pdf,1565,1,0,0,0,1,2,0,0,0,0,1,0,0,2,0,0,0,0,1,0,0,0,0,0,0,0,0,1,0,2,1,5,7,7,0,2,4
2024,nepal,https://gadebate.un.org/sites/default/files/gastatements/79/np_en.pdf,1687,0,0,1,1,0,1,0,0,0,0,0,0,1,0,0,0,0,0,1,0,0,0,0,0,0,0,1,0,0,0,2,3,4,10,1,4,7
2024,netherlands-kingdom,https://gadebate.un.org/sites/default/files/gastatements/79/nl_en.pdf,1964,0,0,0,0,0,0,0,0,0,0,0,0,0,0,0,0,0,0,0,0,0,0,0,0,0,0,0,0,0,0,1,1,4,5,1,7,10
2024,new-zealand,https://gadebate.un.org/sites/default/files/gastatements/79/nz_en.pdf,1716,0,1,0,0,0,0,0,0,0,0,0,0,0,0,0,0,0,0,0,0,0,0,0,0,0,0,0,1,0,0,1,1,8,6,0,4,0
2024,nigeria,https://gadebate.un.org/sites/default/files/gastatements/79/ng_en.pdf,2889,0,1,2,0,0,0,0,0,0,0,0,0,1,0,0,0,0,0,2,0,0,0,0,0,0,0,0,0,0,0,6,12,12,14,0,9,11
2024,norway,https://gadebate.un.org/sites/default/files/gastatements/79/no_en.pdf,895,0,0,0,0,0,0,0,0,0,0,0,0,0,0,0,0,0,0,0,0,0,0,0,0,0,0,0,0,0,0,1,1,3,2,0,3,0
2024,pakistan,https://gadebate.un.org/sites/default/files/gastatements/79/pk_en.pdf,1627,0,0,0,0,0,0,0,0,0,0,0,1,0,0,0,0,0,0,0,0,0,0,0,0,0,0,0,0,0,0,1,6,3,5,1,1,13
2024,palau,https://gadebate.un.org/sites/default/files/gastatements/79/pw_en.pdf,1308,0,1,1,0,0,1,1,0,0,0,0,0,0,1,0,0,0,0,2,0,0,0,0,0,0,0,0,0,2,0,3,4,5,0,0,4,6
2024,papua-new-guinea,https://gadebate.un.org/sites/default/files/gastatements/79/pg_en.pdf,2137,0,0,0,0,0,1,0,0,0,0,0,1,1,0,0,0,0,0,0,0,0,0,0,0,0,0,0,1,0,2,0,7,1,10,0,3,14
2024,philippines,https://gadebate.un.org/sites/default/files/gastatements/79/ph_en.pdf,1773,1,0,1,0,0,3,1,0,0,0,0,0,1,0,0,1,0,0,0,0,0,0,0,0,0,0,0,0,0,1,0,6,8,10,0,6,4
2024,poland,https://gadebate.un.org/sites/default/files/gastatements/79/pl_en.pdf,1331,0,0,0,0,0,0,0,0,0,0,0,0,0,0,0,0,0,0,0,0,0,0,0,0,0,0,0,0,0,2,2,6,7,9,0,4,4
2024,portugal,https://gadebate.un.org/sites/default/files/gastatements/79/pt_en.pdf,1728,0,0,0,0,0,0,1,0,0,0,0,0,0,0,0,0,0,0,0,0,0,0,0,0,0,0,0,0,0,0,1,7,3,6,0,9,8
2024,republic-korea,https://gadebate.un.org/sites/default/files/gastatements/79/kr_en.pdf,2217,0,0,0,0,0,0,0,0,0,0,0,0,0,0,0,0,0,0,0,0,0,1,0,0,0,0,0,0,1,1,2,8,11,14,0,3,3
2024,republic-moldova,https://gadebate.un.org/sites/default/files/gastatements/79/md_en.pdf,1435,0,1,0,0,0,0,0,0,0,0,0,1,0,0,0,0,0,0,0,0,0,0,0,0,0,0,0,0,0,2,0,1,6,7,0,4,10
2024,republic-north-macedonia,https://gadebate.un.org/sites/default/files/gastatements/79/mk_en.pdf,2381,0,0,0,0,0,0,0,0,0,0,0,0,0,0,0,0,0,0,0,0,0,0,0,0,0,0,0,0,0,0,5,8,5,9,1,4,4
2024,romania,https://gadebate.un.org/sites/default/files/gastatements/79/ro_en.pdf,1179,0,1,0,0,0,1,1,0,0,0,0,0,0,0,0,0,0,0,0,0,0,0,0,0,0,0,0,0,0,1,3,1,10,7,0,7,2
2024,saint-kitts-and-nevis,https://gadebate.un.org/sites/default/files/gastatements/79/kn_en.pdf,2790,1,0,0,0,1,0,0,1,0,0,0,2,0,0,0,1,0,0,0,0,0,0,0,0,0,0,0,0,1,0,0,9,13,13,3,3,8
2024,saint-lucia,https://gadebate.un.org/sites/default/files/gastatements/79/lc_en.pdf,2090,0,0,0,0,0,0,0,0,0,0,0,0,0,0,0,0,0,0,0,0,0,0,0,0,0,0,0,0,0,1,0,9,3,4,0,4,15
2024,saint-vincent-and-grenadines,https://gadebate.un.org/sites/default/files/gastatements/79/vc_en.pdf,2293,0,0,0,0,0,0,0,0,0,1,2,0,0,0,0,0,0,0,0,0,0,0,0,0,0,0,0,0,0,0,1,1,7,5,0,4,8
2024,samoa,https://gadebate.un.org/sites/default/files/gastatements/79/ws_en.pdf,1297,0,0,0,1,1,0,0,0,0,0,1,0,0,0,0,0,0,0,0,0,0,0,0,0,0,0,0,0,0,1,1,4,4,1,0,4,2
2024,san-marino,https://gadebate.un.org/sites/default/files/gastatements/79/sm_en.pdf,2601,0,1,0,0,0,0,0,0,0,0,0,0,0,0,0,0,0,0,0,0,0,0,0,0,0,0,1,0,0,1,3,8,16,24,2,15,4
2024,serbia,https://gadebate.un.org/sites/default/files/gastatements/79/rs_en_0.pdf,2762,0,0,0,0,0,0,0,0,0,0,0,0,0,0,0,0,0,0,0,0,0,0,0,0,0,0,0,0,0,1,1,2,2,10,1,4,2
2024,seychelles,https://gadebate.un.org/sites/default/files/gastatements/79/sc_en.pdf,1720,0,0,0,0,1,0,1,0,0,1,0,0,0,0,0,0,0,0,0,0,0,0,0,0,0,0,0,0,0,0,2,6,6,5,1,0,11
2024,sierra-leone,https://gadebate.un.org/sites/default/files/gastatements/79/sl_en.pdf,1991,0,0,1,0,0,2,0,0,0,0,1,0,1,0,0,0,0,0,0,0,0,0,0,0,0,0,0,0,0,0,1,20,21,14,7,6,5
2024,singapore,https://gadebate.un.org/sites/default/files/gastatements/79/sg_en.pdf,1951,0,0,1,0,0,0,1,0,0,0,0,0,0,1,0,0,0,0,1,0,0,0,0,0,0,0,1,0,0,1,3,4,10,10,3,8,3
2024,slovenia,https://gadebate.un.org/sites/default/files/gastatements/79/si_en.pdf,1604,0,0,0,0,0,0,0,0,0,0,0,0,0,0,0,0,0,0,0,0,0,0,0,0,0,0,0,0,0,0,0,1,12,7,0,1,4
2024,solomon-islands,https://gadebate.un.org/sites/default/files/gastatements/79/sb_en.pdf,2288,1,0,0,0,0,1,0,0,0,0,0,0,0,0,0,0,0,0,0,0,0,0,0,0,0,0,0,0,0,1,3,11,7,10,0,15,8
2024,somalia,https://gadebate.un.org/sites/default/files/gastatements/79/so_en.pdf,1920,0,1,0,1,0,1,0,0,0,0,0,0,1,1,0,0,0,0,1,0,0,0,0,0,0,0,0,0,0,5,6,6,10,11,2,6,5
2024,south-africa,https://gadebate.un.org/sites/default/files/gastatements/79/za_en.pdf,1623,0,0,0,0,0,0,0,1,1,0,0,0,0,0,0,0,0,0,0,0,0,0,0,0,0,0,0,0,0,0,1,6,5,3,2,5,7
2024,south-sudan,https://gadebate.un.org/sites/default/files/gastatements/79/ss_en.pdf,2270,0,0,1,0,0,0,1,0,0,0,0,0,1,2,0,1,0,0,0,0,0,1,0,0,0,0,0,0,0,0,2,8,14,15,0,10,3
2024,sri-lanka,https://gadebate.un.org/sites/default/files/gastatements/79/lk_en.pdf,1940,0,1,0,1,0,2,2,0,1,2,0,0,2,0,0,1,0,0,0,0,0,0,0,1,0,0,0,0,0,1,4,11,3,6,0,3,9
2024,suriname,https://gadebate.un.org/sites/default/files/gastatements/79/sr_en.pdf,1461,0,0,0,0,0,2,0,0,2,0,0,0,0,0,0,0,0,0,0,0,0,0,0,0,0,0,0,0,0,0,0,5,4,3,0,4,7
2024,sweden,https://gadebate.un.org/sites/default/files/gastatements/79/se_en.pdf,1793,0,0,1,0,0,0,0,0,0,0,0,0,0,0,0,0,0,0,0,0,0,0,0,0,0,0,0,0,0,4,2,9,10,9,0,8,5
2024,thailand,https://gadebate.un.org/sites/default/files/gastatements/79/th_en.pdf,1523,0,0,0,0,0,1,1,0,0,0,0,0,0,0,0,0,0,0,0,0,0,0,0,0,0,0,0,0,0,0,4,11,5,6,2,4,7
2024,tonga,https://gadebate.un.org/sites/default/files/gastatements/79/to_en.pdf,2733,0,2,2,0,0,2,0,0,0,0,0,0,0,1,0,0,0,0,2,0,0,0,0,0,0,0,0,0,0,2,1,14,6,5,0,13,11
2024,trinidad-and-tobago,https://gadebate.un.org/sites/default/files/gastatements/79/tt_en.pdf,2750,0,0,0,0,0,0,0,0,0,0,0,0,1,1,0,0,0,0,1,0,0,0,0,0,0,0,0,0,0,0,2,7,5,4,1,10,15
2024,turkiye,https://gadebate.un.org/sites/default/files/gastatements/79/tr_en.pdf,84,0,0,0,0,0,0,0,0,0,0,0,0,0,0,0,0,0,0,0,0,0,0,0,0,0,0,0,0,0,0,0,0,0,0,0,0,0
2024,turkmenistan,https://gadebate.un.org/sites/default/files/gastatements/79/tm_en.pdf,1339,0,0,0,0,0,0,0,0,0,1,0,0,0,0,0,0,0,0,0,0,0,0,0,0,0,0,0,0,0,1,5,3,7,8,0,4,5
2024,tuvalu,https://gadebate.un.org/sites/default/files/gastatements/79/tv_en.pdf,2542,0,4,1,0,0,0,0,0,0,0,1,0,0,1,0,0,0,0,1,1,0,1,0,0,0,0,0,0,0,4,5,12,3,4,0,8,3
2024,uganda,https://gadebate.un.org/sites/default/files/gastatements/79/ug_en.pdf,2143,0,0,1,0,0,0,0,0,0,0,0,0,0,0,0,0,0,0,0,0,0,0,0,0,0,0,1,0,0,0,5,30,10,5,0,11,3
2024,ukraine,https://gadebate.un.org/sites/default/files/gastatements/79/ua_en.pdf,1441,0,0,0,0,0,0,0,0,0,0,0,0,0,0,0,0,0,0,0,0,0,0,0,0,0,0,0,0,0,1,0,0,4,21,0,3,4
2024,united-kingdom-great-britain-and-northern-ireland,https://gadebate.un.org/sites/default/files/gastatements/79/gb_en.pdf,1945,0,0,0,0,0,0,0,0,0,0,0,0,1,0,0,0,0,0,0,0,0,0,0,0,0,0,0,0,0,0,3,5,2,7,0,4,6
2024,united-republic-tanzania,https://gadebate.un.org/sites/default/files/gastatements/79/tz_en.pdf,1741,0,0,0,0,0,2,0,1,0,0,0,0,0,0,0,0,0,0,0,0,0,0,0,0,0,0,0,0,0,0,1,12,8,10,0,2,9
2024,united-states-america,https://gadebate.un.org/sites/default/files/gastatements/79/us_en.pdf,151,0,0,0,0,0,0,0,0,0,0,0,0,0,0,0,0,0,0,0,0,0,0,0,0,0,0,0,0,0,0,0,0,0,0,0,0,0
2024,uzbekistan,https://gadebate.un.org/sites/default/files/gastatements/79/uz_en.pdf,1591,0,0,0,0,0,3,0,0,0,0,0,0,0,0,0,0,0,0,0,0,0,0,0,0,0,0,0,0,0,0,7,10,3,2,1,5,3
2024,vanuatu,https://gadebate.un.org/sites/default/files/gastatements/79/vu_en.pdf,2534,0,0,0,0,0,0,0,0,0,0,0,0,0,0,0,0,0,0,0,0,0,0,0,0,0,0,0,0,0,0,0,0,0,0,0,0,0
2024,viet-nam,https://gadebate.un.org/sites/default/files/gastatements/79/vn_en.pdf,1106,0,0,0,0,0,0,0,0,0,0,2,0,0,0,0,0,0,0,0,0,0,0,0,0,0,0,0,0,0,0,6,14,3,8,1,0,4
2024,zimbabwe,https://gadebate.un.org/sites/default/files/gastatements/79/zw_en_0.pdf,1568,0,2,1,0,1,2,2,0,0,0,2,1,0,3,0,1,0,0,0,0,0,0,0,0,0,0,0,0,3,0,1,11,7,8,1,5,4
2025,angola,https://gadebate.un.org/sites/default/files/gastatements/80/ao_en.pdf,2577,0,0,0,0,0,0,0,0,0,0,0,0,2,0,0,0,0,2,0,0,0,0,0,0,0,0,0,0,0,0,1,10,7,11,4,1,7
2025,antigua-and-barbuda,https://gadebate.un.org/sites/default/files/gastatements/80/ag_en.pdf,1974,0,0,0,0,0,0,0,0,0,0,0,0,0,1,0,0,0,0,0,0,0,0,0,0,0,0,0,0,1,1,2,5,7,7,2,6,9
2025,austria,https://gadebate.un.org/sites/default/files/gastatements/80/at_en.pdf,53,0,0,0,0,0,0,0,0,0,0,0,0,0,0,0,0,0,0,0,0,0,0,0,0,0,0,0,0,0,0,0,0,0,0,0,0,0
2025,azerbaijan,https://gadebate.un.org/sites/default/files/gastatements/80/az_en.pdf,1764,0,0,0,0,0,1,0,0,0,0,0,0,0,0,0,0,0,0,1,0,0,0,0,0,0,0,0,0,0,2,4,3,7,13,0,3,1
2025,bahamas,https://gadebate.un.org/sites/default/files/gastatements/80/bs_en.pdf,1609,0,0,0,0,0,0,0,0,0,0,0,0,0,0,0,0,0,0,0,0,0,0,0,0,0,0,0,0,0,1,0,0,9,6,1,2,6
2025,barbados,https://gadebate.un.org/sites/default/files/gastatements/80/bb_en.pdf,3061,1,0,0,0,0,0,0,1,0,0,0,0,1,0,0,0,0,0,0,0,0,0,0,0,0,0,0,0,0,0,0,3,7,13,4,7,12
2025,belgium,https://gadebate.un.org/sites/default/files/gastatements/80/be_en.pdf,853,0,0,0,0,0,0,0,0,0,0,0,0,0,0,0,0,0,0,0,0,0,0,0,0,0,0,0,0,0,1,2,0,3,4,1,1,1
2025,belize,https://gadebate.un.org/sites/default/files/gastatements/80/bz_en.pdf,1885,0,0,0,0,0,0,0,1,0,0,0,0,0,0,0,0,0,1,0,0,0,0,0,0,0,0,1,0,0,3,2,5,4,4,1,3,9
2025,bhutan,https://gadebate.un.org/sites/default/files/gastatements/80/bt_en.pdf,1277,0,0,0,0,0,1,0,0,0,1,0,0,0,0,0,0,0,0,0,0,0,0,0,0,0,0,0,0,0,0,1,2,1,12,1,1,2
2025,botswana,https://gadebate.un.org/sites/default/files/gastatements/80/bw_en.pdf,946,0,0,0,0,0,0,0,0,0,0,0,0,0,0,0,0,0,0,0,0,0,0,0,0,0,0,0,0,0,1,0,3,1,3,0,1,8
2025,brunei-darussalam,https://gadebate.un.org/sites/default/files/gastatements/80/bn_en.pdf,1350,0,2,0,0,0,0,0,0,0,0,0,0,1,0,0,0,0,0,0,0,0,0,0,0,0,0,0,0,0,1,1,7,4,10,0,4,5
2025,bulgaria,https://gadebate.un.org/sites/default/files/gastatements/80/bg_en.pdf,1454,0,1,1,0,0,0,0,1,0,0,0,0,0,0,0,0,0,0,0,0,0,0,0,0,0,0,0,0,0,2,9,15,10,13,4,5,4
2025,cabo-verde,https://gadebate.un.org/sites/default/files/gastatements/80/cv_en.pdf,1049,0,1,0,0,0,0,0,0,0,0,0,0,0,0,0,0,0,0,0,0,0,0,0,0,0,0,0,0,0,0,0,6,5,5,1,2,4
2025,china,https://gadebate.un.org/sites/default/files/gastatements/80/cn_en.pdf,79,0,0,0,0,0,0,0,0,0,0,0,0,0,0,0,0,0,0,0,0,0,0,0,0,0,0,0,0,0,0,0,0,0,0,0,0,0
2025,croatia,https://gadebate.un.org/sites/default/files/gastatements/80/hr_en.pdf,1766,0,0,0,0,0,0,0,0,0,0,0,0,0,0,0,0,0,0,0,0,0,0,0,0,0,0,0,0,0,2,4,9,5,13,1,7,4
2025,czechia,https://gadebate.un.org/sites/default/files/gastatements/80/cz_en.pdf,1155,0,0,0,0,0,0,0,0,0,1,0,0,0,1,0,0,0,0,0,0,0,0,0,0,0,0,0,0,0,1,2,3,11,4,2,1,1
2025,denmark,https://gadebate.un.org/sites/default/files/gastatements/80/dk_en.pdf,1380,0,0,0,0,0,0,0,0,0,0,0,0,0,0,0,0,0,0,0,0,0,0,0,0,0,0,1,0,0,0,1,2,4,3,0,4,5
2025,dominica,https://gadebate.un.org/sites/default/files/gastatements/80/dm_en.pdf,1944,0,0,1,0,0,1,0,0,0,1,0,0,1,0,0,0,0,0,1,0,0,0,0,0,0,0,0,0,1,3,2,4,1,9,0,3,11
2025,eritrea,https://gadebate.un.org/sites/default/files/gastatements/80/er_en.pdf,999,0,0,0,0,0,0,0,0,0,0,0,0,0,0,0,2,1,0,0,0,0,0,0,0,0,0,0,0,0,0,0,0,0,3,0,0,3
2025,estonia,https://gadebate.un.org/sites/default/files/gastatements/80/ee_en.pdf,1802,0,1,0,0,0,1,0,0,0,0,0,0,0,0,0,0,0,0,0,0,0,0,0,0,0,0,0,1,0,0,0,3,8,9,0,4,1
2025,eswatini,https://gadebate.un.org/sites/default/files/gastatements/80/sz_en.pdf,1686,0,1,1,0,1,3,1,0,0,0,0,0,0,0,0,0,0,0,1,0,0,0,0,0,0,0,0,0,0,0,6,12,3,9,3,8,4
2025,fiji,https://gadebate.un.org/sites/default/files/gastatements/80/fj_en.pdf,2895,0,1,1,0,0,2,0,0,0,0,0,0,0,0,0,0,0,0,0,0,0,0,0,0,0,0,0,0,0,3,1,15,7,34,1,6,10
2025,finland,https://gadebate.un.org/sites/default/files/gastatements/80/fi_en.pdf,2169,0,0,0,0,0,0,0,0,0,0,0,0,0,0,0,0,0,0,0,0,0,0,0,0,0,0,0,0,0,2,0,5,10,10,0,3,1
2025,gambia-republic,https://gadebate.un.org/sites/default/files/gastatements/80/gm_en.pdf,2703,0,1,0,0,0,0,0,0,0,1,1,0,3,0,0,0,0,1,0,0,0,0,0,0,0,0,0,0,1,0,6,19,23,21,1,13,10
2025,georgia,https://gadebate.un.org/sites/default/files/gastatements/80/ge_en.pdf,1250,0,2,0,0,0,0,0,0,0,1,0,1,1,0,0,0,0,0,0,0,0,0,0,0,0,0,0,0,1,1,2,4,2,4,5,3,10
2025,germany,https://gadebate.un.org/sites/default/files/gastatements/80/ge_en_0.pdf,1559,0,0,0,0,0,0,0,0,0,0,0,0,0,0,0,0,0,0,0,0,0,0,0,0,0,0,0,0,0,0,0,2,12,13,0,8,5
2025,ghana,https://gadebate.un.org/sites/default/files/gastatements/80/gh_en_0.pdf,2564,0,0,0,0,0,0,0,0,2,0,0,0,0,0,0,0,0,0,0,0,0,0,0,0,0,0,0,0,0,2,0,2,5,2,0,0,11
2025,greece,https://gadebate.un.org/sites/default/files/gastatements/80/gr_en.pdf,3001,0,2,1,0,0,0,0,0,0,1,0,2,1,0,0,0,0,0,0,0,0,0,0,0,0,0,1,0,0,1,5,1,8,14,5,5,11
2025,grenada,https://gadebate.un.org/sites/default/files/gastatements/80/gd_en.pdf,2462,0,0,0,0,0,0,0,0,1,0,1,0,1,0,0,0,0,0,0,0,0,0,0,0,0,0,0,0,0,2,2,4,0,9,2,3,12
2025,guinea-bissau,https://gadebate.un.org/sites/default/files/gastatements/80/gw_en.pdf,862,0,0,0,0,0,0,0,0,0,0,0,0,0,0,0,0,0,0,0,0,0,0,0,0,0,0,0,0,0,0,5,5,2,3,2,1,0
2025,guyana,https://gadebate.un.org/sites/default/files/gastatements/80/gy_en.pdf,1984,0,0,0,0,0,0,0,0,0,0,1,1,0,1,0,0,0,0,1,0,0,0,0,0,0,0,0,0,0,2,0,13,5,2,1,7,12
2025,holy-see,https://gadebate.un.org/sites/default/files/gastatements/80/va_en.pdf,7287,0,1,0,0,0,11,0,1,0,0,1,0,2,0,0,0,0,0,1,0,0,0,0,0,0,0,0,0,0,1,4,15,11,46,19,11,12
2025,iceland,https://gadebate.un.org/sites/default/files/gastatements/80/is_en.pdf,3,0,0,0,0,0,0,0,0,0,0,0,0,0,0,0,0,0,0,0,0,0,0,0,0,0,0,0,0,0,0,0,0,0,0,0,0,0
2025,india,https://gadebate.un.org/sites/default/files/gastatements/80/in_en.pdf,73,0,0,0,0,0,0,0,0,0,0,0,0,0,0,0,0,0,0,0,0,0,0,0,0,0,0,0,0,0,0,0,0,0,0,0,0,0
2025,indonesia,https://gadebate.un.org/sites/default/files/gastatements/80/id_en.pdf,1240,0,0,0,0,0,0,0,0,0,0,0,0,0,0,0,0,0,0,0,0,0,0,0,0,0,0,0,0,0,0,0,3,3,4,0,2,0
2025,iran-islamic-republic,https://gadebate.un.org/sites/default/files/gastatements/80/ir_en.pdf,1738,0,0,0,0,0,0,0,0,0,0,0,0,0,0,0,0,0,0,0,0,0,0,0,0,0,0,0,0,0,3,4,3,10,13,0,6,12
2025,ireland,https://gadebate.un.org/sites/default/files/gastatements/80/ie_en.pdf,2333,0,0,0,0,0,0,0,0,0,0,0,0,1,0,0,0,0,0,0,0,0,0,0,0,0,0,0,0,0,0,1,2,6,7,0,7,16
2025,israel,https://gadebate.un.org/sites/default/files/gastatements/80/il_en.pdf,0,0,0,0,0,0,0,0,0,0,0,0,0,0,0,0,0,0,0,0,0,0,0,0,0,0,0,0,0,0,0,0,0,0,0,0,0,0
2025,jamaica,https://gadebate.un.org/sites/default/files/gastatements/80/jm_en.pdf,1348,0,2,1,0,1,0,0,0,0,0,0,0,0,1,0,0,0,0,0,0,0,0,0,0,0,0,0,0,1,1,1,4,7,3,2,11,4
2025,kazakhstan,https://gadebate.un.org/sites/default/files/gastatements/80/kz_en_0.pdf,2246,0,0,1,0,0,0,0,1,0,0,0,0,2,1,0,0,0,0,1,0,0,0,0,0,0,0,0,0,1,1,9,8,11,12,5,5,5
2025,kenya,https://gadebate.un.org/sites/default/files/gastatements/80/ke_en.pdf,3212,0,2,1,0,0,0,0,0,0,0,1,1,1,0,0,0,0,0,0,0,0,0,0,0,0,0,0,0,0,2,1,7,14,7,2,8,4
2025,kiribati,https://gadebate.un.org/sites/default/files/gastatements/80/ki_en.pdf,1310,0,0,0,0,0,2,0,0,0,0,0,0,0,0,0,0,0,0,1,0,0,0,0,0,0,0,0,0,0,0,3,13,5,9,0,12,2
2025,lesotho,https://gadebate.un.org/sites/default/files/gastatements/80/ls_en.pdf,1936,1,2,2,1,0,0,2,1,2,0,1,0,3,0,0,0,0,0,0,1,0,0,0,0,0,0,0,0,0,0,3,16,6,8,1,6,1
2025,liberia,https://gadebate.un.org/sites/default/files/gastatements/80/lr_en.pdf,1322,0,0,0,0,0,0,0,0,0,0,0,0,0,0,0,0,0,0,0,0,0,0,0,0,0,0,0,0,0,0,2,9,7,9,1,6,2
2025,luxembourg,https://gadebate.un.org/sites/default/files/gastatements/80/lu_en.pdf,940,0,1,0,0,0,0,0,0,0,0,0,0,0,0,0,0,0,0,0,0,0,0,0,0,0,0,0,0,0,0,1,1,1,6,1,0,1
2025,malawi,https://gadebate.un.org/sites/default/files/gastatements/80/mw_en.pdf,1738,0,4,0,0,0,4,2,0,0,0,1,0,1,0,0,0,0,0,0,0,0,1,0,0,0,0,0,0,0,5,1,12,4,11,0,4,2
2025,malaysia,https://gadebate.un.org/sites/default/files/gastatements/80/my_en.pdf,1397,0,0,0,0,0,0,0,0,0,0,0,0,0,0,0,1,0,0,0,0,0,0,0,0,0,0,0,0,0,0,0,5,4,5,0,3,4
2025,maldives,https://gadebate.un.org/sites/default/files/gastatements/80/mv_en.pdf,1582,0,0,0,0,0,0,0,0,0,0,0,1,0,0,0,0,0,0,0,0,0,0,0,0,0,0,0,0,0,4,0,4,2,3,0,5,2
2025,malta,https://gadebate.un.org/sites/default/files/gastatements/80/mt_en.pdf,3170,0,1,0,0,0,0,0,0,0,0,1,2,1,0,0,0,0,0,0,0,0,0,0,0,0,0,0,0,1,1,2,0,5,8,3,3,9
2025,marshall-islands,https://gadebate.un.org/sites/default/files/gastatements/80/mh_en.pdf,1881,0,0,0,0,0,0,0,0,0,0,0,0,2,1,0,0,0,0,1,0,0,0,0,0,0,0,0,0,0,0,2,0,4,2,0,3,3
2025,mauritius,https://gadebate.un.org/sites/default/files/gastatements/80/mu_en.pdf,1662,0,0,0,1,0,0,1,1,0,0,1,0,0,1,0,0,0,0,0,0,0,0,0,0,0,0,0,0,0,0,5,7,7,6,2,8,6
2025,micronesia-federated-states,https://gadebate.un.org/sites/default/files/gastatements/80/fm_en.pdf,2129,0,2,0,0,1,0,0,0,0,0,0,0,0,0,0,0,0,0,1,0,0,0,0,0,0,0,3,0,0,0,4,6,7,10,1,6,5
2025,mongolia,https://gadebate.un.org/sites/default/files/gastatements/80/mn_en.pdf,2407,1,1,2,0,0,4,0,1,0,0,0,0,2,0,0,0,0,0,1,0,0,0,0,0,0,0,0,0,1,1,6,17,8,15,1,11,6
2025,namibia,https://gadebate.un.org/sites/default/files/gastatements/80/na_en.pdf,1733,0,0,0,0,0,0,0,0,0,0,0,0,1,0,0,0,0,0,0,0,0,0,0,0,0,0,0,0,0,0,3,9,13,9,1,2,8
2025,nauru,https://gadebate.un.org/sites/default/files/gastatements/80/nr_en.pdf,1593,0,1,1,0,0,0,0,0,0,0,0,0,1,1,0,0,0,0,0,0,0,0,0,0,0,0,0,0,0,1,4,8,3,6,2,5,4
2025,nepal,https://gadebate.un.org/sites/default/files/gastatements/80/np_en.pdf,1953,0,0,0,0,0,2,0,2,0,0,0,2,2,0,0,0,0,0,0,0,0,0,0,0,0,0,0,0,0,0,6,17,3,15,2,7,2
2025,netherlands-kingdom,https://gadebate.un.org/sites/default/files/gastatements/80/nl_en.pdf,398,0,0,0,0,0,0,0,0,0,0,0,0,0,0,0,0,0,0,0,0,0,0,0,0,0,0,0,0,0,0,0,0,0,1,0,0,2
2025,new-zealand,https://gadebate.un.org/sites/default/files/gastatements/80/nz_en.pdf,1307,0,1,0,0,0,0,0,0,0,0,0,0,0,0,0,0,0,0,0,0,0,0,0,0,0,0,0,0,0,0,0,0,0,7,0,3,3
2025,nigeria,https://gadebate.un.org/sites/default/files/gastatements/80/ng_en.pdf,2422,0,0,0,0,0,0,0,0,0,0,0,0,1,0,0,0,0,0,0,0,0,0,0,0,0,0,1,0,0,2,0,5,6,11,1,3,4
2025,norway,https://gadebate.un.org/sites/default/files/gastatements/80/no_en.pdf,167,0,0,0,0,0,0,0,0,0,0,0,0,0,0,0,0,0,0,0,0,0,0,0,0,0,0,0,0,0,0,0,0,0,0,0,0,0
2025,pakistan,https://gadebate.un.org/sites/default/files/gastatements/80/pk_en.pdf,2071,0,0,0,0,0,0,0,0,0,0,0,0,0,0,0,0,0,0,0,0,0,0,0,0,0,0,0,0,0,1,2,5,5,6,3,5,8
2025,palau,https://gadebate.un.org/sites/default/files/gastatements/80/pw_en.pdf,1313,1,0,0,0,0,0,0,0,0,0,0,0,0,0,0,0,0,0,0,0,0,0,0,0,0,0,0,0,0,0,1,1,2,5,1,4,2
2025,papua-new-guinea,https://gadebate.un.org/sites/default/files/gastatements/80/pg_en.pdf,501,0,0,0,0,0,0,0,0,0,0,0,0,0,0,0,0,0,0,0,0,0,0,0,0,0,0,0,0,0,0,0,0,0,5,1,1,2
2025,philippines,https://gadebate.un.org/sites/default/files/gastatements/80/ph_en.pdf,2082,1,1,1,0,0,1,0,0,2,0,1,0,1,0,0,0,0,0,0,0,0,0,0,0,0,0,0,0,0,1,1,11,6,15,0,2,2
2025,poland,https://gadebate.un.org/sites/default/files/gastatements/80/pl_en.pdf,95,0,0,0,0,0,0,0,0,0,0,0,0,0,0,0,0,0,0,0,0,0,0,0,0,0,0,0,0,0,0,0,0,0,0,0,0,0
2025,qatar,https://gadebate.un.org/sites/default/files/gastatements/80/qa_en.pdf,1,0,0,0,0,0,0,0,0,0,0,0,0,0,0,0,0,0,0,0,0,0,0,0,0,0,0,0,0,0,0,0,0,0,0,0,0,0
2025,republic-korea,https://gadebate.un.org/sites/default/files/gastatements/80/kr_en.pdf,2308,0,1,2,0,0,0,0,1,0,0,0,0,0,0,0,0,0,0,0,0,0,0,0,0,0,0,0,0,0,0,7,8,8,20,1,3,9
2025,republic-moldova,https://gadebate.un.org/sites/default/files/gastatements/80/md_en.pdf,661,0,0,0,0,0,0,0,0,0,0,0,0,0,0,0,0,0,0,0,0,0,0,0,0,0,0,0,0,0,2,1,1,0,7,0,5,5
2025,romania,https://gadebate.un.org/sites/default/files/gastatements/80/ro_en.pdf,1751,0,0,0,0,0,0,2,0,0,0,0,0,0,0,0,0,0,0,0,0,0,1,0,0,0,0,0,0,0,1,1,3,11,8,0,11,3
2025,rwanda,https://gadebate.un.org/sites/default/files/gastatements/80/rw_en.pdf,1372,0,0,0,0,0,0,0,0,0,0,0,0,0,2,0,0,0,0,1,0,0,0,0,0,0,0,0,0,0,0,1,12,7,11,1,6,2
2025,saint-kitts-and-nevis,https://gadebate.un.org/sites/default/files/gastatements/80/kn_en.pdf,2906,0,0,1,0,0,0,0,0,0,0,0,0,1,0,0,0,0,0,0,0,0,0,0,0,0,0,0,0,1,1,4,4,12,15,4,4,10
2025,saint-lucia,https://gadebate.un.org/sites/default/files/gastatements/80/lc_en.pdf,2088,1,0,0,0,0,2,0,0,0,0,0,0,1,0,0,0,0,0,0,0,0,0,0,0,0,0,0,0,0,5,2,10,3,17,3,4,6
2025,saint-vincent-and-grenadines,https://gadebate.un.org/sites/default/files/gastatements/80/vc_en.pdf,3266,0,0,0,0,0,0,0,0,0,0,0,0,0,0,0,0,0,0,0,0,0,0,0,0,0,0,0,0,0,0,1,4,4,9,0,2,14
2025,samoa,https://gadebate.un.org/sites/default/files/gastatements/80/ws_en.pdf,1893,0,2,1,1,0,0,0,0,0,0,1,0,1,0,0,0,0,0,0,0,0,0,0,0,0,0,0,0,1,1,3,5,5,1,0,3,4
2025,san-marino,https://gadebate.un.org/sites/default/files/gastatements/80/sm_en.pdf,2739,0,0,0,0,0,2,0,0,0,0,1,0,1,0,0,0,0,0,1,0,0,0,0,0,0,0,0,0,0,1,3,5,9,6,1,13,4
2025,sierra-leone,https://gadebate.un.org/sites/default/files/gastatements/80/sl_en_0.pdf,2145,0,0,1,0,0,1,0,0,1,0,0,0,0,0,0,0,0,0,0,0,0,0,0,0,0,0,0,0,0,1,2,5,17,11,2,6,9
2025,singapore,https://gadebate.un.org/sites/default/files/gastatements/80/sg_en.pdf,1970,0,0,0,0,0,0,2,0,0,0,1,0,0,0,0,0,0,0,1,0,0,0,0,0,0,0,0,0,0,1,0,4,5,6,1,2,3
2025,slovakia,https://gadebate.un.org/sites/default/files/gastatements/80/sk_en_0.pdf,1474,0,0,0,0,0,0,0,0,0,0,0,0,0,0,0,0,0,0,0,0,0,0,0,0,0,0,0,0,0,3,2,1,5,10,0,3,2
2025,slovenia,https://gadebate.un.org/sites/default/files/gastatements/80/si_en.pdf,1720,0,0,0,0,0,0,1,0,0,0,0,0,0,0,0,0,0,0,1,0,0,0,0,0,0,0,0,0,0,0,0,4,5,5,1,2,4
2025,solomon-islands,https://gadebate.un.org/sites/default/files/gastatements/80/sb_en.pdf,3322,0,0,0,0,0,0,0,0,0,0,0,0,1,1,0,0,0,0,0,0,0,0,0,0,0,0,0,0,0,2,5,28,7,17,0,18,15
2025,somalia,https://gadebate.un.org/sites/default/files/gastatements/80/so_en.pdf,1836,0,0,0,0,0,0,0,0,1,0,0,0,0,0,0,0,0,0,0,0,0,0,0,0,0,0,0,0,0,0,1,14,11,5,1,4,10
2025,south-africa,https://gadebate.un.org/sites/default/files/gastatements/80/za_en.pdf,1653,1,1,0,0,0,0,0,0,0,0,0,0,0,0,0,0,0,0,0,0,0,0,0,0,0,0,0,0,0,0,2,13,8,7,1,1,4
2025,sri-lanka,https://gadebate.un.org/sites/default/files/gastatements/80/lk_en.pdf,1571,0,1,0,0,0,0,0,0,0,0,0,0,0,0,0,0,0,0,0,0,0,0,0,0,0,0,0,1,0,0,1,5,1,6,0,0,7
2025,suriname,https://gadebate.un.org/sites/default/files/gastatements/80/sr_en.pdf,2080,0,0,0,0,0,0,0,0,0,0,0,0,0,0,0,0,0,0,0,1,0,0,0,0,0,0,0,0,0,0,2,9,5,7,2,2,6
2025,syrian-arab-republic,https://gadebate.un.org/sites/default/files/gastatements/80/sy_en.pdf,720,0,0,1,0,0,0,0,0,0,0,0,0,0,0,0,0,0,0,0,0,0,0,0,0,0,0,0,0,0,0,0,0,0,1,1,0,8
2025,thailand,https://gadebate.un.org/sites/default/files/gastatements/80/th_en.pdf,2437,0,0,1,0,0,0,0,0,0,0,0,2,1,0,0,0,0,0,0,0,0,0,0,0,0,0,0,0,0,2,3,8,3,23,4,2,12
2025,tonga,https://gadebate.un.org/sites/default/files/gastatements/80/to_en.pdf,1572,0,0,1,0,0,0,1,1,0,0,0,0,2,0,0,0,0,0,1,0,0,0,0,0,0,0,0,0,0,1,2,11,4,8,0,5,6
2025,trinidad-and-tobago,https://gadebate.un.org/sites/default/files/gastatements/80/tt_en.pdf,1720,0,1,0,0,0,0,0,0,0,0,0,0,0,0,0,0,0,0,0,0,0,0,0,0,0,0,0,0,0,0,3,5,7,9,0,10,2
2025,tuvalu,https://gadebate.un.org/sites/default/files/gastatements/80/tv_en.pdf,2962,2,0,3,0,0,1,0,1,0,0,2,0,0,0,0,0,0,0,2,0,0,0,0,0,0,0,0,0,0,4,6,20,11,11,0,13,8
2025,uganda,https://gadebate.un.org/sites/default/files/gastatements/80/ug_en.pdf,1373,0,0,0,1,0,0,0,0,0,0,0,0,0,0,0,0,0,0,0,0,0,0,0,0,0,0,0,0,0,0,6,12,6,12,0,8,0
2025,ukraine,https://gadebate.un.org/sites/default/files/gastatements/80/ua_en.pdf,57,0,0,0,0,0,0,0,0,0,0,0,0,0,0,0,0,0,0,0,0,0,0,0,0,0,0,0,0,0,0,0,0,0,0,0,0,0
2025,united-kingdom-great-britain-and-northern-ireland,https://gadebate.un.org/sites/default/files/gastatements/80/gb_en.pdf,3,0,0,0,0,0,0,0,0,0,0,0,0,0,0,0,0,0,0,0,0,0,0,0,0,0,0,0,0,0,0,0,0,0,0,0,0,0
2025,united-republic-tanzania,https://gadebate.un.org/sites/default/files/gastatements/80/tz_en.pdf,1561,0,0,0,0,0,1,0,0,0,0,0,0,0,0,0,0,0,0,0,0,0,0,0,0,0,0,0,0,0,1,3,5,8,13,1,4,3
2025,vanuatu,https://gadebate.un.org/sites/default/files/gastatements/80/vu_en.pdf,1522,0,0,0,0,0,0,0,1,0,0,0,0,0,0,0,0,0,0,0,0,0,0,0,0,0,0,0,1,0,2,2,9,1,3,5,6,4
2025,viet-nam,https://gadebate.un.org/sites/default/files/gastatements/80/vn_en.pdf,1414,0,0,0,0,0,2,0,0,0,0,1,1,1,1,0,0,0,0,0,0,0,0,0,0,0,0,0,0,0,1,7,10,4,17,1,3,4
2025,zambia,https://gadebate.un.org/sites/default/files/gastatements/80/zm_en.pdf,2035,0,0,1,0,0,0,0,0,0,2,0,0,0,0,0,0,0,0,2,0,0,0,0,0,0,0,0,0,0,0,3,16,6,11,0,5,3
2025,zimbabwe,https://gadebate.un.org/sites/default/files/gastatements/80/zw_en.pdf,1745,0,1,0,0,0,0,0,0,0,0,0,1,1,0,0,0,0,0,1,0,0,0,0,0,0,0,0,0,0,1,3,15,9,15,1,6,5
